URL,Last crawled;;
https://www.jove.com/t/50447/-?list=U204iCLR&?list=U204iCLR&&language=Korean,2024-04-27;;
https://www.jove.com/t/58055/trasferimento-embrionale-minimamente-invasivo-e-vetrificazione?language=Portuguese,2024-04-27;;
https://www.jove.com/v/57652/isolering-av-mandibular-krtel-reservoar-innehllet-frn-bornean?language=Swedish,2024-04-27;;
https://www.jove.com/v/60606/-drosophila-larvae?language=Russian,2024-04-27;;
https://www.jove.com/t/200391/magnetic-separation-and-negative-selection-of-murine-neuronal-cultures,2024-04-27;;
https://www.jove.com/t/56891/toprak-kaynakl-phytopathogens-bir-tanabilir-gerek-zamanl-pcr-sistemi?utm_term&?utm_term&&language=Turkish,2024-04-27;;
https://www.jove.com/t/56334/-?language=Arabic,2024-04-27;;
https://www.jove.com/t/58538/-x-?language=Chinese,2024-04-27;;
https://www.jove.com/t/57757/corrosin-de-metales-y-la-eficacia-de-los-inhibidores-de-la-corrosin?list=L5mvoEq6&language=Spanish,2024-04-27;;
https://www.jove.com/t/51563?list=FP9dX9g3&?list=FP9dX9g3&&language=Portuguese,2024-04-27;;
"https://www.jove.com/t/52357?utm_source=feedburner&utm_medium=feed&utm_campaign=Feed%253A 
jove %2528JoVE%253A Journal of Visualized 
Experiments%2529&?utm_source=feedburner&utm_medium=feed&utm_campaign=Feed%253A 
jove %2528JoVE%253A Journal of Visualized Experiments%2529&language=Turkish,2024-04-27";;
https://www.jove.com/fr/institutions/EU-Europe/NL-Netherlands/29095-Prinses-Maxima-Center-for-Pediatric-Oncology,2024-04-27;;
https://www.jove.com/t/63669?language=Swedish,2024-04-27;;
https://www.jove.com/t/58990/-?language=Arabic,2024-04-27;;
https://www.jove.com/v/5024/introduction-to-the-microplate-reader?language=Arabic,2024-04-27;;
https://www.jove.com/kr/v/62120/intraspinal-cavity-injection-human-mesenchymal-stem-cells-tracking,2024-04-27;;
https://www.jove.com/v/66090/transforming-static-barrier-tissue-models-into-dynamic?language=Dutch,2024-04-27;;
https://www.jove.com/t/53262,2024-04-27;;
https://www.jove.com/v/51403/adaptif-derin-beyin-stimlasyonu-le-parkinson-hastal-kontrol?language=Turkish,2024-04-27;;
https://www.jove.com/t/57191/two--photon-intravital-imaging-of-leukocytes-during-the-immune-response-in-lipopolysaccharide--treated-mouse-liver,2024-04-27;;
https://www.jove.com/v/66156/using-live-cell-imaging-to-measure-effects-pathological-proteins-on?language=Spanish,2024-04-27;;
https://www.jove.com/archive/10/dezember-2007,2024-04-27;;
https://www.jove.com/science-education/11463/cores-e-magnetismo,2024-04-27;;
https://www.jove.com/t/57097/phloem-sap-sampling-from-brassica-napus-for-3d--page-of-protein-and-ribonucleoprotein-complexes,2024-04-27;;
https://www.jove.com/science-education/v/10740/pyruvate-oxidation?language=Arabic,2024-04-27;;
https://www.jove.com/t/2815/quantitative-analysis-of-cancer-metastasis-using-an-avian-embryo-model?list=M45azlCd&?list=M45azlCd&&language=Chinese,2024-04-27;;
https://www.jove.com/t/3258/behavioral-assessment-of-manual-dexterity-in-non-human-primates?id=3258&&?id=3258&&&&language=Hebrew,2024-04-27;;
https://www.jove.com/t/2713/un-sistema-para-el-cultivo-de-clulas-epiteliales-del-pigmento-del?language=Spanish,2024-04-27;;
https://www.jove.com/t/20130/congelamento-de-nematoides-um-mtodo-para-expor-tecidos-de-vermes?language=Portuguese,2024-04-27;;
https://www.jove.com/t/54269/synthse-facile-de-micelles-worm-like-par-lumire-visible-mediated?language=French,2024-04-27;;
https://www.jove.com/t/55888/forberedelse-og-hy-temperatur-anti-vedheft-virkemten-til-en-glatt?language=Norwegian,2024-04-27;;
https://www.jove.com/t/50319/identification-of-disease--related-spatial-covariance-patterns-using-neuroimaging-data,2024-04-27;;
https://www.jove.com/t/55638/ensaios-de-retardamento-de-gel-de-agarose-protein-trna-para-anlise-do?language=Portuguese,2024-04-27;;
https://www.jove.com/t/2774,2024-04-27;;
https://www.jove.com/t/58326/met-behulp-van-een-klas-gebaseerde-delesse-roediger-mcdermott?language=Dutch,2024-04-27;;
https://www.jove.com/t/50426?language=Chinese,2024-04-27;;
https://www.jove.com/t/61056/-?language=Hebrew,2024-04-27;;
https://www.jove.com/v/157/lisolement-et-la-transplantation-de-cellules-souches-hmatopotiques-csh?id=157&language=French,2024-04-27;;
https://www.jove.com/science-education/10833/protein-digestion?language=Turkish&list=p6L7S7ib,2024-04-27;;
https://www.jove.com/t/53069/protocol-for-isolation-of-primary-human-hepatocytes-and-corresponding-major-populations-of-non--parenchymal-liver-cells,2024-04-27;;
https://www.jove.com/science-education/11471/peptide-bonds?language=Spanish&list=Q684F22v,2024-04-27;;
https://www.jove.com/t/2689/-zebrafish-?list=g0ZTiiBK&language=Korean,2024-04-27;;
https://www.jove.com/science-education/10838/what-is-a-nervous-system?language=French&list=896rEtSE,2024-04-27;;
https://www.jove.com/v/53773/-?language=Russian,2024-04-27;;
https://www.jove.com/t/268/?section=0&language=Japanese,2024-04-27;;
https://www.jove.com/t/3793/?list=q0xzdi1E&language=Japanese,2024-04-27;;
https://www.jove.com/t/50881/coculture-system-med-en-organotypiska-brain-slice-och-3d-sfr-av?language=Turkish,2024-04-27;;
https://www.jove.com/t/51420/analysis-global-rna-synthesis-at-single-cell-level-following?list=8CS48Lmp&language=Italian,2024-04-27;;
https://www.jove.com/it/t/64878/gerao-e-cultivo-de-organoides-derivados-de-pacientes-com-cncer-de?language=Portuguese,2024-04-27;;
https://www.jove.com/t/50113?language=Japanese,2024-04-27;;
https://www.jove.com/science-education/10684/nucleic-acids?language=Portuguese&list=Cf5JNaZ0,2024-04-27;;
https://www.jove.com/science-education/10833/protein-digestion?language=Spanish&list=p6L7S7ib,2024-04-27;;
https://www.jove.com/es/v/50143/replicative-?language=Hindi,2024-04-27;;
https://www.jove.com/t/2050/?language=Chinese,2024-04-27;;
https://www.jove.com/v/3149/flexstation-3-trp-?request_type=Call&pid=4925&cmp=7014u000001ooUuAAI&_ga=2.105020865.31337553.1627944892-1838985180.1626900199&utm_source=internal&utm_medium=tradeshow&utm_campaign=md-na-cc-ts-internal-20230221-slaspressrelease_heartbeat.bionewsroomarticle&utm_medium=tradeshow&utm_campaign=md-eu-cc-ts-20210623-25-slaseuropeshowleads&language=Korean,2024-04-27;;
https://www.jove.com/science-education-library/96/plant-structure-growth-,2024-04-27;;
https://www.jove.com/v/51661/-pterional-?language=Russian,2024-04-27;;
https://www.jove.com/v/61373/?list=pu2Vc550&language=Chinese,2024-04-27;;
https://www.jove.com/t/157/?id=157&language=Japanese,2024-04-27;;
https://www.jove.com/t/55263/?language=Turkish,2024-04-27;;
https://www.jove.com/v/5541/genetic-crosses,2024-04-27;;
https://www.jove.com/t/53548?language=Chinese,2024-04-27;;
https://www.jove.com/v/59392/en-arbeidsbesparende-og-repeterbar-touch-force-signalering-mutant?language=Norwegian,2024-04-27;;
https://www.jove.com/t/59380/?s&?s&&language=Japanese,2024-04-27;;
https://www.jove.com/t/4125/co--analysis-of-brain-structure-and-function-using-fmri-and-diffusion--weighted-imaging,2024-04-27;;
https://www.jove.com/v/65624/preparation-food-samples-using-homogenization-microwave-assisted-wet?language=Russian,2024-04-27;;
https://www.jove.com/v/2966/necropsy-?id=2966&language=Hebrew,2024-04-27;;
https://www.jove.com/t/60638/?list=105O38B5&language=Japanese,2024-04-27;;
https://www.jove.com/t/58618?list=o486Wiij&?list=o486Wiij&language=Chinese,2024-04-27;;
https://www.jove.com/v/58150/chronisch-slaaptekort-in-muis-pups-door-middel-van-zachte-behandeling?language=Dutch,2024-04-27;;
https://www.jove.com/t/50215,2024-04-27;;
https://www.jove.com/v/53878/-?list=tYg1uFTv&?list=tYg1uFTv&language=Russian,2024-04-27;;
https://www.jove.com/t/2744/?TRILIBIS_EMULATOR_UA=nsclpfpr,nsclpfpr,nsclpfpr,nsclpfpr,nsclpfpr,nsclpfpr,nsclpfpr,nsclpfpr&&language=Chinese,2024-04-27;;
https://www.jove.com/v/57244/experimentelle-untersuchung-der-strmung-struktur-ber-eine-delta-flgel?language=German,2024-04-27;;
https://www.jove.com/t/56149/well--aligned-vertically-oriented-zno-nanorod-arrays-and-their-application-in-inverted-small-molecule-solar-cells,2024-04-27;;
https://www.jove.com/science-education/11292/standard-enthalpy-of-formation?language=Korean&list=d0lZ55x6,2024-04-27;;
https://www.jove.com/science-education/11292/standard-enthalpy-of-formation?language=German&list=d0lZ55x6,2024-04-27;;
https://www.jove.com/t/53193/differentiation-of-the-sh-sy5y-human-neuroblastoma-cell-line,2024-04-27;;
https://www.jove.com/t/55490?language=Turkish,2024-04-27;;
https://www.jove.com/es/v/55483/,2024-04-27;;
https://www.jove.com/science-education/10899/affinity-and-avidity?language=Turkish&list=UusbyGHP,2024-04-27;;
https://www.jove.com/t/58587?language=Portuguese,2024-04-27;;
https://www.jove.com/science-education/10696/tissues?language=Russian&list=7Ez94234,2024-04-27;;
https://www.jove.com/v/66082/determination-45-pesticides-avocado-varieties-quechers-method-gas?language=Chinese,2024-04-27;;
https://www.jove.com/science-education/10815/gene-therapy?language=Chinese&list=q0KdD7Ao,2024-04-27;;
https://www.jove.com/t/3872?language=Dutch,2024-04-27;;
https://www.jove.com/v/2771/manual-restraint-common-compound-administration-routes-mice?list=XZP228Mh&?list=XZP228Mh&language=Swedish,2024-04-27;;
https://www.jove.com/v/58767/-?language=Arabic,2024-04-27;;
https://www.jove.com/v/56255/in-vivo-assay-til-pvisning-af-antigen-specifikke-t-celle-cytolytisk?language=Danish,2024-04-27;;
https://www.jove.com/v/1529/visualizacin-de-una-sola-molcula-de-adn-de-replicacin-con-microscopa?id=1529,&language=Spanish,2024-04-27;;
https://www.jove.com/t/2744/?TRILIBIS_EMULATOR_UA=nsclpfpr,nsclpfpr,nsclpfpr,nsclpfpr,nsclpfpr,nsclpfpr,nsclpfpr,nsclpfpr&&language=Japanese,2024-04-27;;
https://www.jove.com/t/58587?language=Norwegian,2024-04-27;;
https://www.jove.com/details.php?id=3227,2024-04-27;;
https://www.jove.com/t/3227,2024-04-27;;
https://www.jove.com/v/58751/-?language=Japanese,2024-04-27;;
https://www.jove.com/v/1726/immagini-dal-vivo-della-motilit-cellulare-e-citoscheletro-dei-singoli?list=F9L08985&&?list=F9L08985&&language=Italian,2024-04-27;;
https://www.jove.com/v/59828/quantification-of-atherosclerosis-in-mice,2024-04-27;;
https://www.jove.com/t/51111/collection-and-analysis-of-arabidopsis-phloem-exudates-using-the-edta--facilitated-method,2024-04-27;;
https://www.jove.com/kr/v/3077/un-modelo-de-ratn-de-la-prueba-de-bolsillo-para-el-estudio-de-la?language=Korean,2024-04-27;;
https://www.jove.com/v/4025/-?language=Turkish,2024-04-27;;
https://www.jove.com/v/65553/surgical-porcine-model-chronic-myocardial-ischemia-treated-exosome?language=Italian,2024-04-27;;
https://www.jove.com/v/56985/modelos-de-mouse-da-infeco-por-helicobacter-e-patologias-gstricas?language=Portuguese,2024-04-27;;
https://www.jove.com/v/51649/aufbau-und-optimierung-eines-hochdurchsatz-setup-zum-studium?language=German?language%3DGerman,2024-04-27;;
https://www.jove.com/v/3844/el-genotipado-de-muestras-de-plantas-y-animales-sin-previa?language=Japanese,2024-04-27;;
https://www.jove.com/v/65935/the-active-place-avoidance-apa-test-an-effective-versatile-repeatable,2024-04-27;;
https://www.jove.com/t/56385?language=Arabic,2024-04-27;;
"https://www.jove.com/t/59151?utm_source=feedburner&utm_medium=feed&utm_campaign=Feed: 
jove (JoVE: Journal of Visualized 
Experiments)&?utm_source=feedburner&utm_medium=feed&utm_campaign=Feed: jove 
(JoVE: Journal of Visualized Experiments)&&language=Chinese,2024-04-27";;
https://www.jove.com/details.php?id=2790,2024-04-27;;
https://www.jove.com/science-education/10457/turbulence-sphere-method-,2024-04-27;;
https://www.jove.com/science-education/v/10752/photosystem-i?language=Korean,2024-04-27;;
https://www.jove.com/science-education/10815/gene-therapy?language=German&list=q0KdD7Ao,2024-04-27;;
https://www.jove.com/index/Details.stp?ID=186,2024-04-27;;
https://www.jove.com/v/62205/-?language=Norwegian,2024-04-27;;
https://www.jove.com/t/3983/in-vitro-electroporation-of-the-lower-rhombic-lip-of-midgestation-mouse-embryos,2024-04-27;;
https://www.jove.com/v/61584/-?language=Hebrew,2024-04-27;;
https://www.jove.com/v/55005/-strategy-set-?language=Russian?language%3DRussian,2024-04-27;;
https://www.jove.com/v/4429/ivis?language=Chinese,2024-04-27;;
https://www.jove.com/v/51546/-phosphopeptide-?language=Arabic,2024-04-27;;
https://www.jove.com/t/53966?list=S41X6MYe&?list=S41X6MYe&&language=Turkish,2024-04-27;;
https://www.jove.com/v/2783/in-vitro-assay-der-bakteriellen-adhsion-auf-mammalian-epithelzellen?sn=c&eid=60182&language=German,2024-04-27;;
https://www.jove.com/v/58943/modle-d-injection-de-joues-pour-la-mesure-simultane-de-la-douleur-et?language=French,2024-04-27;;
https://www.jove.com/t/52972/dna?language=Chinese,2024-04-27;;
https://www.jove.com/v/52531/un-protocolo-para-la-de-lentiviral-transduccin-y-anlisis-de-aguas?language=Spanish,2024-04-27;;
https://www.jove.com/video/53324?language=Portuguese,2024-04-27;;
https://www.jove.com/v/66272/assessment-visual-acuity-central-vision-loss-through-motion-based,2024-04-27;;
https://www.jove.com/science-education/11348/clausius-clapeyron-equation?language=French,2024-04-27;;
https://www.jove.com/v/50494/un-mtodo-sensible-para-cuantificar-las-clulas-cancerosas-senescentes?language=Spanish,2024-04-27;;
https://www.jove.com/v/62719/pure-shift-nuclear-magnetic-resonance-new-tool-for-plant-metabolomics?list=t6htsdj0,2024-04-27;;
https://www.jove.com/v/50247/dorudan-basnc-zleme-doru-cryoballoon-ablasyon-srasnda-pulmoner-ven?language=German,2024-04-27;;
https://www.jove.com/v/2282/bal-ars-burnumun-extension-tepki-klasik-koullanma-davran-farmakoloji?language=Spanish,2024-04-27;;
https://www.jove.com/video/4143/orthotopic-liver-transplantation-in-rats,2024-04-27;;
"https://www.jove.com/v/50585/aislamiento-manual-de-clulas-madre-derivadas-de-tejido-adiposo-de?utm_medium=feed&utm_campaign=Feed%253A 
jove %2528JoVE%253A Journal of Visualized 
Experiments%2529&?utm_medium=feed&utm_campaign=Feed%253A jove 
%2528JoVE%253A Journal of Visualized 
Experiments%2529&?utm_medium=feed&utm_campaign=Feed%253A jove 
%2528JoVE%253A Journal of Visualized Experiments%2529&language=Spanish,2024-04-27";;
https://www.jove.com/fr/t/64309/-?language=Arabic,2024-04-27;;
https://www.jove.com/v/2282/bal-ars-burnumun-extension-tepki-klasik-koullanma-davran-farmakoloji?language=Japanese,2024-04-27;;
https://www.jove.com/v/57228/-?language=Hebrew?language%3DHebrew,2024-04-27;;
https://www.jove.com/v/56550/-fabry-pompe-?language=Portuguese,2024-04-27;;
https://www.jove.com/v/61500/eine-3d-gedruckte-pollenfalle-fr-hummel-bombus-bienenstockeingnge?language=German,2024-04-27;;
https://www.jove.com/v/63425/-5-cin8-s-cerevisiae?language=Russian,2024-04-27;;
https://www.jove.com/t/11589,2024-04-27;;
https://www.jove.com/t/58101/-pd-l1-?language=Chinese,2024-04-27;;
https://www.jove.com/v/50038/-?ref=binfind.com/web&language=Arabic,2024-04-27;;
https://www.jove.com/video/51073?language=Arabic,2024-04-27;;
https://www.jove.com/es/science-education/11368/ideal-,2024-04-27;;
https://www.jove.com/it/t/3620/la-production-de-puces-de-tissus-de-coloration-immunohistochimique-et?language=French,2024-04-27;;
https://www.jove.com/t/11551,2024-04-27;;
https://www.jove.com/t/11590,2024-04-27;;
https://www.jove.com/fr/v/62947/kinetx-combined-flow-cytometry-assay-analysis-software-framework-to,2024-04-27;;
https://www.jove.com/de/institutions/EU-Europe/ES-Spain/31826-Ramon-y-Cajal-Health-Research-Institute-(IRYCIS),2024-04-27;;
https://www.jove.com/t/11608,2024-04-27;;
https://www.jove.com/v/4427/-?list=z04c7THi&language=Hebrew,2024-04-27;;
https://www.jove.com/v/5335/fate-mapping,2024-04-27;;
https://www.jove.com/science-education/10694/mitocondri?language=Arabic,2024-04-27;;
https://www.jove.com/v/2272/tms-burst-mechasnism-x-?language=Hebrew?language%3DHebrew,2024-04-27;;
https://www.jove.com/pt/t/52686/three-dimensional-3d-tumor-spheroid-invasion-assay,2024-04-27;;
https://www.jove.com/v/59838/valuation-des-comportements-photosynthtiques-par-des-mesures?language=French,2024-04-27;;
https://www.jove.com/t/200359,2024-04-27;;
https://www.jove.com/v/52976/-transinfection-?language=Hindi,2024-04-27;;
https://www.jove.com/v/65783/using-herbal-cake-separated-moxibustion-for-treatment-rats-with?language=Hebrew,2024-04-27;;
https://www.jove.com/v/1118/sectoriectomy-ii-iii?language=Hebrew,2024-04-27;;
https://www.jove.com/t/3370?amp;&?amp;&&&language=Dutch,2024-04-27
https://www.jove.com/v/3923/agarose-gel-electrophoresis-for-the-separation-of-dna-fragments,2024-04-27;;
https://www.jove.com/es/institutions/AU-Australia/AU-Australia/30794-Queensland-University-of-Technology-(QUT)-at-Translational-Research-Institute,2024-04-27;;
https://www.jove.com/es/v/4036/a-human-ggledaren-modell-fr-utredning-av?language=Swedish,2024-04-27;;
https://www.jove.com/t/53286?language=German,2024-04-27;;
https://www.jove.com/v/55878/-hdac1-hdac6-uhplc-ms?language=Korean,2024-04-27;;
https://www.jove.com/v/10511?language=Chinese,2024-04-27;;
https://www.jove.com/t/54814/?language=Chinese,2024-04-27;;
https://www.jove.com/v/53956/protocolo-para-la-medicin-de-las-propiedades-trmicas-de-un-hidrato?list=4PlA4eup&language=Spanish,2024-04-27;;
https://www.jove.com/v/55303/hemi-larynx-setup-fr-das-studium-stimmlippe-vibration-drei?title=jove.com&&?title=jove.com&&language=German,2024-04-27;;
https://www.jove.com/video/59367?language=Norwegian,2024-04-27;;
https://www.jove.com/v/54088/conversion-de-la-biomasse-pour-produire-des-hydrocarbures?list=OuGY579i&?list=OuGY579i&language=French,2024-04-27;;
https://www.jove.com/t/57090?list=4PlA4eup&?list=4PlA4eup&language=Turkish,2024-04-27;;
https://www.jove.com/v/61283/-?language=German,2024-04-27;;
https://www.jove.com/t/55289/fabrication-of-nanopillar--based-split-ring-resonators-for-displacement-current-mediated-resonances-in-terahertz-metamaterials,2024-04-27;;
https://www.jove.com/b/5207/developmental-neurobiology-concepts-and-techniques,2024-04-27;;
https://www.jove.com/kr/institutions/AS-Asia/JP-Japan/30497-Kyoto-Institute-of-Technology,2024-04-27;;
https://www.jove.com/video/3241?id=3241&language=Chinese,2024-04-27;;
https://www.jove.com/v/1849/procedimiento-de-mama-epiteliales-de-trasplantes?language=Spanish,2024-04-27;;
https://www.jove.com/v/56758/farelerde-frenik-motor-nronlarn-retrograd-nroanatomik-izleme?language=Turkish,2024-04-27;;
https://www.jove.com/t/62230?language=Italian,2024-04-27;;
https://www.jove.com/t/51274,2024-04-27;;
https://www.jove.com/t/2920/?list=u011oVI0&language=Japanese,2024-04-27;;
https://www.jove.com/v/4389/-estrous-cytological-?language=Korean,2024-04-27;;
https://www.jove.com/t/1205?id=1205&&?id=1205&&language=Swedish,2024-04-27;;
https://www.jove.com/t/3519,2024-04-27;;
https://www.jove.com/t/60690?language=Hebrew,2024-04-27;;
https://www.jove.com/t/3823?language=Spanish,2024-04-27;;
https://www.jove.com/t/59471?language%5Cu003dGerman&&&?language%5Cu003dGerman&&&language=Chinese,2024-04-27;;
https://www.jove.com/v/5794/panoramica-di-biosensing?language=Japanese,2024-04-27;;
https://www.jove.com/t/54276?language=Portuguese,2024-04-27;;
https://www.jove.com/t/59411?list=sBoXXM19&?list=sBoXXM19&language=Swedish,2024-04-27;;
https://www.jove.com/cn/institutions/AS-Asia/CN-China/31980-Beijing-University-of-Chinese-Medicine-Third-Affiliated-Hospital,2024-04-27;;
https://www.jove.com/v/3641/-3d-?amp;&language=Arabic,2024-04-27;
https://www.jove.com/t/20415,2024-04-27;;
https://www.jove.com/t/53623?language=Italian,2024-04-27;;
https://www.jove.com/t/56433?language=Arabic,2024-04-27;;
https://www.jove.com/t/59229,2024-04-27;;
https://www.jove.com/t/50546?language=Turkish,2024-04-27;;
https://www.jove.com/t/52642/a-large-lateral-craniotomy-procedure-for-mesoscale-wide--field-optical-imaging-of-brain-activity,2024-04-27;;
https://www.jove.com/pt/t/57195,2024-04-27;;
https://www.jove.com/t/53643/induction-of-maternal-immune-activation-in-mice-at-mid--gestation-stage-with-viral-mimic-polyic,2024-04-27;;
https://www.jove.com/t/2839,2024-04-27;;
https://www.jove.com/v/50928/stretch-in-brain-microvascular-endothelial-cells-cend-as-an-in-vitro-traumatic-brain-injury-model-of-the-blood-brain-barrier,2024-04-27;;
https://www.jove.com/t/55196/directed-differentiation-of-primitive-and-definitive-hematopoietic-progenitors-from-human-pluripotent-stem-cells,2024-04-27;;
https://www.jove.com/t/3755?language=Hindi,2024-04-27;;
https://www.jove.com/t/54820?language=Arabic,2024-04-27;;
https://www.jove.com/t/56567?language=German,2024-04-27;;
https://www.jove.com/t/60415?language=Dutch,2024-04-27;;
https://www.jove.com/t/59411?list=sBoXXM19&?list=sBoXXM19&language=Norwegian,2024-04-27;;
"https://www.jove.com/t/51350/?utm_source=feedburner&utm_medium=feed&utm_campaign=Feed: 
jove (JoVE: Journal of Visualized 
Experiments)&?utm_source=feedburner&utm_medium=feed&utm_campaign=Feed: jove 
(JoVE: Journal of Visualized Experiments)&language=Chinese,2024-04-27";;
https://www.jove.com/v/57842/-?width=960&height=800&iframe=true&language=Arabic,2024-04-27;;
https://www.jove.com/t/325?sectionid=0&?sectionid=0&&language=Swedish,2024-04-27;;
https://www.jove.com/t/53210?language=Russian,2024-04-27;;
https://www.jove.com/t/50425/immunohistochemical-analysis-in-the-rat-central-nervous-system-and-peripheral-lymph-node-tissue-sections,2024-04-27;;
https://www.jove.com/t/200383,2024-04-27;;
https://www.jove.com/t/60252?language=Spanish,2024-04-27;;
https://www.jove.com/t/55991?muraadminpreview&mobileformat=false&?muraadminpreview&mobileformat=false&language=Arabic,2024-04-27;;
https://www.jove.com/cn/v/11094/plant-morphogenesis-growth-differentiation-and-communication,2024-04-27;;
https://www.jove.com/v/10500/immunofluorescence-microscopy-immunofluorescence-staining-paraffin,2024-04-27;;
https://www.jove.com/t/193,2024-04-27;;
https://www.jove.com/index/Details.stp?ID=2314,2024-04-27;;
https://www.jove.com/t/2314,2024-04-27;;
https://www.jove.com/t/56340?language=French,2024-04-27;;
https://www.jove.com/t/56512/isolation-of-intact-whole-mouse-mammary-glands-for-analysis-of-extracellular-matrix-expression-and-gland-morphology,2024-04-27;;
https://www.jove.com/t/200987,2024-04-27;;
https://www.jove.com/science-education-library/59/-,2024-04-27;;
https://www.jove.com/t/3437,2024-04-27;;
https://www.jove.com/t/988?language=Portuguese,2024-04-27;;
"https://www.jove.com/t/52777?TRILIBIS_EMULATOR_UA=Mozilla/5.0 (Windows NT 
6.1; WOW64; rv:26.0) Gecko/20100101 Firefox/26.0,Mozilla/5.0 (Windows NT 
6.1; WOW64; rv:26.0) Gecko/20100101 Firefox/26.0,Mozilla/5.0 (Windows NT 
6.1; WOW64; rv:26.0) Gecko/20100101 Firefox/26.0&&language=Italian,2024-04-27";;
https://www.jove.com/t/1309,2024-04-27;;
https://www.jove.com/t/53816?language=Norwegian,2024-04-27;;
https://www.jove.com/t/3562?language=Dutch,2024-04-27;;
https://www.jove.com/t/54195,2024-04-27;;
https://www.jove.com/t/56497/?utm_source=joveglobal&utm_medium=social&utm_campaign=socialposts112817&?utm_source=joveglobal&utm_medium=social&utm_campaign=socialposts112817&language=Chinese,2024-04-27;;
https://www.jove.com/t/50081?language=Chinese,2024-04-27;;
https://www.jove.com/t/57997?language=Danish,2024-04-27;;
https://www.jove.com/t/2752,2024-04-27;;
https://www.jove.com/t/20994,2024-04-27;;
https://www.jove.com/t/51528?language=Arabic,2024-04-27;;
https://www.jove.com/t/52295?language=Portuguese,2024-04-27;;
https://www.jove.com/t/52627?language=Hindi,2024-04-27;;
https://www.jove.com/t/61883,2024-04-27;;
https://www.jove.com/t/63479,2024-04-27;;
https://www.jove.com/t/2488/-heterokaryon-?language=Korean,2024-04-27;;
https://www.jove.com/t/52734?language=Spanish,2024-04-27;;
https://www.jove.com/t/57636?language=Spanish,2024-04-27;;
"https://www.jove.com/v/53483/ortotpico-de-la-extremidad-posterior-de-trasplante-en-el-ratn?utm_source=feedburner&utm_medium=feed&utm_campaign=Feed: 
jove (JoVE: Journal of Visualized 
Experiments)&?utm_source=feedburner&utm_medium=feed&utm_campaign=Feed: jove 
(JoVE: Journal of Visualized Experiments)&&language=Spanish,2024-04-27";;
https://www.jove.com/v/52975/fluorescence-biomembrane-force-probe-concurrent-quantitation-of-receptor--ligand-kinetics-and-binding--induced-intracellular-signaling-on-a-single-cell,2024-04-27;;
https://www.jove.com/t/201232,2024-04-27;;
https://www.jove.com/t/60550,2024-04-27;;
https://www.jove.com/kr/t/63846/visualizing-yeast-organelles-with-fluorescent-protein-markers-text,2024-04-27;;
https://www.jove.com/t/57691?language=Turkish,2024-04-27;;
https://www.jove.com/t/59971/?language=Chinese,2024-04-27;;
https://www.jove.com/t/2133?list=NC4Ze37P&?list=NC4Ze37P&&language=Dutch,2024-04-27;;
https://www.jove.com/t/58538,2024-04-27;;
https://www.jove.com/v/56550/-fabry-pompe-?language=French,2024-04-27;;
https://www.jove.com/v/64615/genetii-deitirilmi-bir-fare-modelinde-ortotopik-atc-tmrlerinin?language=Turkish,2024-04-27;;
https://www.jove.com/es/institutions/EU-Europe/NL-Netherlands/26598-Eternal-Sun,2024-04-27;;
https://www.jove.com/v/56550/-fabry-pompe-?language=Arabic,2024-04-27;;
https://www.jove.com/v/3740/retrograde-perfusion-and-filling-of-mouse-coronary-vasculature-as-preparation-for-micro-computed-tomography-imaging,2024-04-27;;
https://www.jove.com/v/55838/neurobehavioral-vurdering-i-en-musemodel-af-neonatal-hypoksiske?language=German,2024-04-27;;
https://www.jove.com/t/60852?language=Russian,2024-04-27;;
https://www.jove.com/v/65299/fu-s-subcutaneous-needling-for-knee-osteoarthritis-pain,2024-04-27;;
https://www.jove.com/v/3533/-cutaneous-antileishmanial-?list=5116WbND&?list=5116WbND&language=Hindi,2024-04-27;;
https://www.jove.com/v/5069/dna-ligation-reactions?language=French,2024-04-27;;
https://www.jove.com/v/51075/aplysia-ganglia-forberedelse-til-elektrofysiologiske-og-molekylre?language=Danish,2024-04-27;;
https://www.jove.com/v/2282/bal-ars-burnumun-extension-tepki-klasik-koullanma-davran-farmakoloji?language=Portuguese,2024-04-27;;
https://www.jove.com/v/267?id=267&language=German,2024-04-27;;
https://www.jove.com/video/267?id=267&language=German,2024-04-27;;
https://www.jove.com/v/57832/expression-et-purification-des-canaux-ioniques-de-mammifres-bestrophin?language=French,2024-04-27;;
https://www.jove.com/v/66457/the-td-drive-parametric-open-source-implant-for-multi-area,2024-04-27;;
https://www.jove.com/v/66440/author-spotlight-optimizing-rodent-models-for-investigating,2024-04-27;;
https://www.jove.com/v/53294/a-novel-murine-model-of-arteriovenous-fistula-failure-the-surgical-procedure-in-detail,2024-04-27;;
https://www.jove.com/fr/institutions/AS-Asia/CN-China/32601-Jiangsu-Normal-University,2024-04-27;;
https://www.jove.com/fr/institutions/SA-South-America/BR-Brazil/31075-Universidade-Federal-do-Rio-de-Janeiro,-Cidade-Universita,2024-04-27;;
https://www.jove.com/t/62652,2024-04-27;;
https://www.jove.com/t/54577/zetadna?language=Chinese,2024-04-27;;
https://www.jove.com/v/3781,2024-04-27;;
https://www.jove.com/video/3781/,2024-04-27;;
https://www.jove.com/t/1743?language=Chinese,2024-04-27;;
https://www.jove.com/t/2896?sectionid=11&?sectionid=11&language=French,2024-04-27;;
https://www.jove.com/t/51757/a-guide-to-in-vivo-single--unit-recording-from-optogenetically-identified-cortical-inhibitory-interneurons,2024-04-27;;
https://www.jove.com/v/59376/?list=sx63qy75&language=Chinese,2024-04-27;;
https://www.jove.com/v/62929/preparazione-e-impianto-di-elettrodi-per-l-accensione-elettrica-di?language=Italian,2024-04-27;;
https://www.jove.com/video/59993,2024-04-27;;
https://www.jove.com/v/10088/abdominal-exam-i-inspection-and-auscultation?language=Arabic,2024-04-27;;
https://www.jove.com/v/52062/quantifizierung-der-orofacial-phnotypen-in?language=German,2024-04-27;;
https://www.jove.com/v/54914/sanlar-kronik-kalp-enfarkts-histolojik-niceleme?language=Turkish,2024-04-27;;
https://www.jove.com/v/1150/?id=1150&language=Chinese,2024-04-27;;
https://www.jove.com/v/55353/murino-discendente-anteriore-sinistra-lad-coronary-legatura?language=Italian,2024-04-27;;
https://www.jove.com/v/52798/-aldm-?list=k29vy4nO&language=Arabic,2024-04-27;;
https://www.jove.com/v/842/-?list=Nq31PT6V&language=Arabic,2024-04-27;;
https://www.jove.com/v/65306/author-spotlight-mitochondrial-remodeling-skeletal-muscle-video?language=Portuguese,2024-04-27;;
https://www.jove.com/t/56615?language=Swedish,2024-04-27;;
https://www.jove.com/t/56932?language=Dutch,2024-04-27;;
https://www.jove.com/v/55625?language=Turkish,2024-04-27;;
https://www.jove.com/video/55625?language=Turkish,2024-04-27;;
https://www.jove.com/t/54929/isolation-and-culture-of-adult-neural-stem-cells-from-the-mouse-subcallosal-zone,2024-04-27;;
https://www.jove.com/v/51079/assessing-changes-in-volatile-general-anesthetic-sensitivity-of-mice-after-local-or-systemic-pharmacological-intervention,2024-04-27;;
https://www.jove.com/t/52100?language=Japanese,2024-04-27;;
https://www.jove.com/kr/t/51888/generation-of-transgenic-hydra-by-embryo-microinjection,2024-04-27;;
https://www.jove.com/pt/institutions/AS-Asia/IN-India/32335-Clinical-Biosamples-and-Research-Services-(CBRS),2024-04-27;;
https://www.jove.com/v/59732/el-uso-de-clulas-tumorales-mamarias-de-ratn-en-un-ensayo-de-invasin?language=Spanish?language%3DSpanish,2024-04-27;;
https://www.jove.com/v/55646/?list=ko8x0qhi&language=Japanese,2024-04-27;;
https://www.jove.com/t/55499,2024-04-27;;
https://www.jove.com/v/3916/purification-and-visualization-of-lipopolysaccharide-from-gram--negative-bacteria-by-hot-aqueous--phenol-extraction,2024-04-27;;
https://www.jove.com/t/54908/high--density-electroencephalographic-acquisition-in-a-rodent-model-using-low--cost-and-open--source-resources,2024-04-27;;
https://www.jove.com/t/59587/?language=French,2024-04-27;;
https://www.jove.com/t/59043?language=Japanese,2024-04-27;;
"https://www.jove.com/t/58158/?utm_source=feedburner&utm_medium=feed&utm_campaign=Feed: 
jove (JoVE: Journal of Visualized 
Experiments)&?utm_source=feedburner&utm_medium=feed&utm_campaign=Feed: jove 
(JoVE: Journal of Visualized Experiments)&&language=Chinese,2024-04-27";;
https://www.jove.com/v/2792?language=Turkish,2024-04-27;;
https://www.jove.com/video/2792?language=Turkish,2024-04-27;;
https://www.jove.com/fr/t/52625/passo-passo-mtodo-de-treinamento-microsurgical-combinao-de-dois?language=Portuguese,2024-04-27;;
https://www.jove.com/v/52843/dannelse-af-tykke-ttte-yttrium-iron-garnet-films-brug-aerosol?language=Danish,2024-04-27;;
https://www.jove.com/fr/institutions/EU-Europe/SI-Slovenia/121-University-of-Ljubljana,2024-04-27;;
https://www.jove.com/v/58582/en-fluorescens-fluktuation-spektroskopi-haltbestmning-av-protein?language=Swedish,2024-04-27;;
https://www.jove.com/v/54278/kresel-emlsiyon-damlacklarn-temel-mitotik-mil-sulandrma?list=292c5KnZ&language=Turkish,2024-04-27;;
https://www.jove.com/t/50301/?list=f6ugSIMk&?list=f6ugSIMk&language=Chinese,2024-04-27;;
https://www.jove.com/t/552?list=r7gS8mJ8&language=Hindi,2024-04-27;;
https://www.jove.com/t/51870?height=800&iframe=true&language=Chinese,2024-04-27;;
https://www.jove.com/t/58101/ortotop-transplantation-av-syngena-lunga-adenokarcinom-celler-att?language=Chinese,2024-04-27;;
https://www.jove.com/t/709,2024-04-27;;
https://www.jove.com/t/58326?language=Chinese,2024-04-27;;
https://www.jove.com/v/57842/metoder-til-opdagelsen-af-nye-forbindelser-modulerende-en-gamma?iframe=true&&language=Danish,2024-04-27;;
https://www.jove.com/t/54796?language=Hindi,2024-04-27;;
https://www.jove.com/t/54383?language=Portuguese,2024-04-27;;
https://www.jove.com/v/2694/deteco-de-biomolecular-empregando-o-sensor-de-imagem-interferometric?language=Portuguese,2024-04-27;;
https://www.jove.com/it/t/63666/trlerden-agnostik-tek-doku-uygulamalar-iin-lazer-mikrodiseksiyonu?language=Turkish,2024-04-27;;
https://www.jove.com/v/58441/studying-protein-import-into-chloroplasts-using-protoplasts?list=udekk10F&?list=udekk10F&&language=French,2024-04-27;;
https://www.jove.com/v/55815/deneysel-yeni-bir-bileik-imalat-yntemi-uygulanmas-bileik-yzeyi-yumuak?language=Turkish,2024-04-27;;
https://www.jove.com/v/2623/in-vivo-canine-muscle-function-assay?list=FnsDDoFM&?list=FnsDDoFM&&,2024-04-27;;
https://www.jove.com/v/57289/thromboxane-a2-c924t-polymorphism-?language=Hindi,2024-04-27;;
https://www.jove.com/v/50305/?language=Chinese,2024-04-27;;
https://www.jove.com/t/51749/flat-mount-imaging-of-mouse-skin-and-its-application-to-the-analysis-of-hair-follicle-patterning-and-sensory-axon-morphology,2024-04-27;;
https://www.jove.com/t/54899?list=8I767rS8&?list=8I767rS8&&language=Korean,2024-04-27;;
https://www.jove.com/v/20221/?list=S2mAqsk0&language=Japanese,2024-04-27;;
https://www.jove.com/t/55228,2024-04-27;;
https://www.jove.com/t/61039?language=Swedish,2024-04-27;;
https://www.jove.com/t/57133/microfluidic-chips-for-in-situ-crystal-x--ray-diffraction-and-in-situ-dynamic-light-scattering-for-serial-crystallography,2024-04-27;;
https://www.jove.com/t/2059,2024-04-27;;
https://www.jove.com/t/3847/?language=Chinese,2024-04-27;;
https://www.jove.com/index/Details.stp?ID=958,2024-04-27;;
https://www.jove.com/t/958,2024-04-27;;
https://www.jove.com/v/57156/an-in-vivo-assessment-of-blood--brain-barrier-disruption-in-a-rat-model-of-ischemic-stroke,2024-04-27;;
https://www.jove.com/v/3184/mouse-eye-enucleation-for-remote-high--throughput-phenotyping,2024-04-27;;
https://www.jove.com/t/52836,2024-04-27;;
https://www.jove.com/t/827?language=Japanese,2024-04-27;;
https://www.jove.com/t/55408?language=Danish,2024-04-27;;
https://www.jove.com/v/59447/parbars-canopies-ceptometers-?language=Hindi,2024-04-27;;
https://www.jove.com/v/56652/synthesis-and-mass-spectrometry-analysis-of-oligo-peptoids?list=8jYF1WiW&?list=8jYF1WiW&language=Spanish,2024-04-27;;
https://www.jove.com/v/66231/stromal-cell-isolation-from-hematopoietic-organs?language=German,2024-04-27;;
https://www.jove.com/v/724/-mitochondrial-?id=724&language=Korean,2024-04-27;;
https://www.jove.com/es/t/52711/?language=Chinese,2024-04-27;;
https://www.jove.com/v/58872/syntes-och-karakterisering-av-amphiphilic-gold-nanopartiklar?list=v0cXGsyM&language=Swedish,2024-04-27;;
https://www.jove.com/t/2909?language=Swedish,2024-04-27;;
https://www.jove.com/es/v/65447,2024-04-27;;
"https://www.jove.com/t/58048?utm_source=feedburner&utm_medium=feed&utm_campaign=Feed: 
jove (JoVE: Journal of Visualized 
Experiments)&?utm_source=feedburner&utm_medium=feed&utm_campaign=Feed: jove 
(JoVE: Journal of Visualized Experiments)&&,2024-04-27";;
https://www.jove.com/v/62620/dissection-des-fibres-musculaires-squelettiques-simples-pour-les?language=French,2024-04-27;;
https://www.jove.com/v/50738/analyse-af-kontaktflader-til-enlige-gan-nanotrd-devices?list=wc4TKi7C&?list=wc4TKi7C&language=Danish,2024-04-27;;
https://www.jove.com/t/60027/?language=Korean,2024-04-27;;
https://www.jove.com/t/51017?language=Italian,2024-04-27;;
https://www.jove.com/t/3733/?list=TARLJNFu&language=Chinese,2024-04-27;;
https://www.jove.com/v/54638/combustione-caratterizzazione-e-modello-di-sviluppo-carburante-per?language=Italian,2024-04-27;;
https://www.jove.com/t/60045,2024-04-27;;
https://www.jove.com/t/55334?language=Swedish,2024-04-27;;
https://www.jove.com/t/2651/?list=9ULiU85W&&language=Chinese,2024-04-27;;
https://www.jove.com/t/54820?language=Hebrew,2024-04-27;;
https://www.jove.com/t/52613?language=Turkish,2024-04-27;;
https://www.jove.com/t/61703/?list=a1frd7sl&?list=a1frd7sl&language=Chinese,2024-04-27;;
https://www.jove.com/t/52009?language=Hindi,2024-04-27;;
https://www.jove.com/t/55833?title=www.jove.com&&?title=www.jove.com&&language=Danish,2024-04-27;;
https://www.jove.com/t/50198/?list=966hcUpj&?list=966hcUpj&language=Chinese,2024-04-27;;
https://www.jove.com/t/53796,2024-04-27;;
https://www.jove.com/t/200410,2024-04-27;;
https://www.jove.com/t/55833?list=y6q7MRoO&?list=y6q7MRoO&&language=Swedish,2024-04-27;;
https://www.jove.com/t/6020,2024-04-27;;
https://www.jove.com/t/54446/?list=3Zf5ut6S&?list=3Zf5ut6S&language=Chinese,2024-04-27;;
https://www.jove.com/t/53765,2024-04-27;;
https://www.jove.com/t/54426,2024-04-27;;
https://www.jove.com/v/51064/intramyocardial-cell-levering-observationer-i-murine-hjerter?language=Danish,2024-04-27;;
https://www.jove.com/t/58894/?list=e3uz4ghm&language=Japanese,2024-04-27;;
https://www.jove.com/t/52744/?list=tsJ5Di52&&&language=Japanese,2024-04-27;;
https://www.jove.com/t/58604/-?list=5Z5s7LE1&language=Arabic,2024-04-27;;
https://www.jove.com/t/11572,2024-04-27;;
https://www.jove.com/t/3504?id=3504&&&?id=3504&&&language=Norwegian,2024-04-27;;
https://www.jove.com/t/11564,2024-04-27;;
https://www.jove.com/t/11605,2024-04-27;;
https://www.jove.com/t/51790,2024-04-27;;
https://www.jove.com/t/58735?title=jove.com&?title=jove.com&&language=Norwegian,2024-04-27;;
https://www.jove.com/t/12056,2024-04-27;;
https://www.jove.com/t/11597,2024-04-27;;
https://www.jove.com/t/55712?language=Hebrew,2024-04-27;;
https://www.jove.com/t/3608?language=German,2024-04-27;;
https://www.jove.com/t/12066,2024-04-27;;
https://www.jove.com/t/12231,2024-04-27;;
https://www.jove.com/t/51308,2024-04-27;;
https://www.jove.com/t/60108/?list=sBoXXM19&?list=sBoXXM19&language=Japanese,2024-04-27;;
https://www.jove.com/t/4041/?list=0K10p5c5&?list=0K10p5c5&language=Japanese,2024-04-27;;
https://www.jove.com/t/200872,2024-04-27;;
https://www.jove.com/t/51601/?list=raHWMK5v&?list=raHWMK5v&language=Arabic,2024-04-27;;
"https://www.jove.com/t/50168/?utm_source=feedburner&utm_medium=feed&utm_campaign=Feed: 
jove (JoVE: Journal of Visualized 
Experiments)&?utm_source=feedburner&utm_medium=feed&utm_campaign=Feed: jove 
(JoVE: Journal of Visualized Experiments)&language=Japanese,2024-04-27";;
https://www.jove.com/v/54753,2024-04-27;;
https://www.jove.com/video/54753/implementation-portable-emissions-measurement-,2024-04-27;;
https://www.jove.com/t/20917,2024-04-27;;
https://www.jove.com/t/64050,2024-04-27;;
https://www.jove.com/de/t/200416/distillation-tea-infusion-solvent-assisted-flavor-evaporation?language=Chinese,2024-04-27;;
https://www.jove.com/v/3030?language=Japanese,2024-04-27;;
https://www.jove.com/video/3030?language=Japanese,2024-04-27;;
https://www.jove.com/t/57353?language=Danish,2024-04-27;;
https://www.jove.com/v/3149/-flexstation-3?cmp=7010g000001MNd3&utm_source=Twitter&utm_medium=Social&utm_campaign=20190419&language=Arabic,2024-04-27;;
https://www.jove.com/t/58799/diagnosis-hirschsprungs-disease-immunostaining-rectal-suction,2024-04-27;;
https://www.jove.com/t/20637,2024-04-27;;
https://www.jove.com/t/4171?language=Portuguese,2024-04-27;;
https://www.jove.com/v/3885/-?language=Danish,2024-04-27;;
https://www.jove.com/cn/v/193/proboscis-extension-response-per-assay-in-drosophila,2024-04-27;;
https://www.jove.com/t/4171,2024-04-27;;
https://www.jove.com/kr/v/55193/gebruik-van-een-varkensmodel-voor-de-studie-van-anesthesie?language=Chinese,2024-04-27;;
https://www.jove.com/t/52900?language=Chinese,2024-04-27;;
https://www.jove.com/t/53205?language%5Cu003dSpanish&&language=Danish,2024-04-27;;
https://www.jove.com/t/53205?language%5Cu003dSpanish&&?language%5Cu003dSpanish&&language=Italian,2024-04-27;;
https://www.jove.com/t/54731/?language=Arabic,2024-04-27;;
https://www.jove.com/t/56358?utm_source=youtube&utm_medium=social_global&utm_campaign=reseach-videos-2022.Differentiation&language=Chinese,2024-04-27;;
https://www.jove.com/t/58612?language=Dutch,2024-04-27;;
https://www.jove.com/t/55837?language=German,2024-04-27;;
https://www.jove.com/t/60781?language=Italian,2024-04-27;;
https://www.jove.com/t/53930?language=Italian,2024-04-27;;
https://www.jove.com/t/52987?language=Japanese,2024-04-27;;
https://www.jove.com/t/50736/?language=French,2024-04-27;;
https://www.jove.com/t/56358?utm_source=youtube&utm_medium=social_global&utm_campaign=reseach-videos-2022.Differentiation&?utm_source=youtube&utm_medium=social_global&utm_campaign=reseach-videos-2022.Differentiation&,2024-04-27;;
https://www.jove.com/t/3691?language=Chinese,2024-04-27;;
https://www.jove.com/t/53147?language=Russian,2024-04-27;;
https://www.jove.com/t/2526?language=Chinese,2024-04-27;;
https://www.jove.com/t/54731/?language=Spanish,2024-04-27;;
"https://www.jove.com/t/56445/?utm_source=feedburner&utm_medium=feed&utm_campaign=Feed%253A 
jove %2528JoVE%253A Journal of Visualized Experiments%2529&language=Chinese,2024-04-27";;
https://www.jove.com/fr/t/59113/?language=Chinese,2024-04-27;;
https://www.jove.com/t/51870?height=800&iframe=true&language=Russian,2024-04-27;;
https://www.jove.com/t/54819/?language=Japanese,2024-04-27;;
https://www.jove.com/t/54195?language=Hebrew,2024-04-27;;
https://www.jove.com/t/60057?language=Turkish,2024-04-27;;
https://www.jove.com/t/53818?language=Hindi,2024-04-27;;
https://www.jove.com/t/5199,2024-04-27;;
https://www.jove.com/t/56486,2024-04-27;;
https://www.jove.com/t/59471/?language%5Cu003dGerman&&language=Chinese,2024-04-27;;
https://www.jove.com/t/4384,2024-04-27;;
https://www.jove.com/t/58085/?language=Japanese,2024-04-27;;
https://www.jove.com/t/1063,2024-04-27;;
https://www.jove.com/t/2966/?id=2966&?id=2966&&language=Japanese,2024-04-27;;
https://www.jove.com/t/58660?language=Portuguese,2024-04-27;;
https://www.jove.com/de/v/11995/regulation-of-notch-signaling-pathway-and-stem-cells-fate,2024-04-27;;
"https://www.jove.com/t/55423?utm_source=feedburner&utm_medium=feed&utm_campaign=Feed: 
jove (JoVE: Journal of Visualized 
Experiments)&?utm_source=feedburner&utm_medium=feed&utm_campaign=Feed: jove 
(JoVE: Journal of Visualized Experiments)&language=Spanish,2024-04-27";;
https://www.jove.com/t/58765/?language%3DPortuguese&&?language%3DPortuguese&&&language=Chinese,2024-04-27;;
https://www.jove.com/t/55066?language=French,2024-04-27;;
https://www.jove.com/t/2824?language=Japanese,2024-04-27;;
https://www.jove.com/t/54375?language=Hindi,2024-04-27;;
https://www.jove.com/t/55059?language=Italian,2024-04-27;;
https://www.jove.com/t/60718/?utm_source=youtube&utm_medium=social_global&utm_campaig&language=Chinese,2024-04-27;;
https://www.jove.com/t/54176,2024-04-27;;
https://www.jove.com/t/4247?language=Dutch,2024-04-27;;
https://www.jove.com/t/50878?language=Norwegian,2024-04-27;;
https://www.jove.com/t/50358?language=French,2024-04-27;;
https://www.jove.com/v/53362/-micropipette-mechanosensitive-bilayers-?language=Hebrew?language%3DHebrew,2024-04-27;;
https://www.jove.com/t/59394?language=Korean,2024-04-27;;
https://www.jove.com/t/3282?status=a5288k&?status=a5288k&,2024-04-27;;
https://www.jove.com/t/62274?language=Danish,2024-04-27;;
https://www.jove.com/v/53710/printing-fabrication-van-bulk-heterojunction-solar-cells-en?language=Dutch,2024-04-27;;
https://www.jove.com/t/4373,2024-04-27;;
https://www.jove.com/t/1353,2024-04-27;;
https://www.jove.com/t/200166,2024-04-27;;
https://www.jove.com/t/3903,2024-04-27;;
https://www.jove.com/v/65930/author-spotlight-cost-effective-transcriptomic-drug-screening?language=German,2024-04-27;;
"https://www.jove.com/t/54685/?utm_source=feedburner&utm_medium=feed&utm_campaign=Feed: 
jove (JoVE: Journal of Visualized 
Experiments)&?utm_source=feedburner&utm_medium=feed&utm_campaign=Feed: jove 
(JoVE: Journal of Visualized Experiments)&language=Japanese,2024-04-27";;
https://www.jove.com/t/3282?status=a5288k&?status=a5288k&language=Russian,2024-04-27;;
https://www.jove.com/t/200549/isolation-of-single-fiber-from-freeze-dried-human-skeletal-muscle?language=Arabic,2024-04-27;;
https://www.jove.com/de/v/65106/mtning-av-lipolyshastigheten-i-ex-vivo-murin-fettvvnad-och-primra?language=Swedish,2024-04-27;;
https://www.jove.com/v/65930/author-spotlight-cost-effective-transcriptomic-drug-screening?language=Hindi,2024-04-27;;
https://www.jove.com/t/61520?language=Hindi,2024-04-27;;
https://www.jove.com/t/57636,2024-04-27;;
https://www.jove.com/v/3149/-throughput-3-flexstation-?request_type=Demo&pid=5381&request_type=Call&pid=9752&cmp=7014u000001t8Z6AAI&utm_source=internal&utm_medium=press-release&utm_campaign=md-glo-cc-pr-internal-20220411-oicanniversarybpd&language=Hindi,2024-04-27;;
https://www.jove.com/it/archive/192/february-2023,2024-04-27;;
https://www.jove.com/t/51429?language=Russian,2024-04-27;;
https://www.jove.com/t/2644,2024-04-27;;
https://www.jove.com/t/52411?language=Hindi,2024-04-27;;
https://www.jove.com/t/52065/?list=5RR9ozHW&?list=5RR9ozHW&&language=Chinese,2024-04-27;;
https://www.jove.com/t/208?language=Japanese,2024-04-27;;
https://www.jove.com/t/216?list=FP9dX9g3&?list=FP9dX9g3&language=Arabic,2024-04-27;;
https://www.jove.com/t/2184?sectionid=1&&&?sectionid=1&&&language=Chinese,2024-04-27;;
https://www.jove.com/t/58991?list=a1frd7sl&&language=Turkish,2024-04-27;;
https://www.jove.com/t/52385?language%5C%5Cu003dChinese&?language%5C%5Cu003dChinese&&language=French,2024-04-27;;
https://www.jove.com/t/58616/?language=Chinese,2024-04-27;;
https://www.jove.com/t/55399?language=German,2024-04-27;;
https://www.jove.com/t/56033,2024-04-27;;
"https://www.jove.com/v/56085/generation-af-indfdte-kromatin-immunoprecipitation-sekventering?utm_source=feedburner&utm_medium=feed&utm_campaign=Feed: 
jove (JoVE: Journal of Visualized 
Experiments)&?utm_source=feedburner&utm_medium=feed&utm_campaign=Feed: jove 
(JoVE: Journal of Visualized Experiments)&language=Danish,2024-04-27";;
https://www.jove.com/t/61141,2024-04-27;;
https://www.jove.com/t/57704?language=Swedish,2024-04-27;;
https://www.jove.com/t/3709,2024-04-27;;
https://www.jove.com/t/58110?language=Norwegian,2024-04-27;;
https://www.jove.com/t/55361?list=Y6Ke37Rk&?list=Y6Ke37Rk&language=Norwegian,2024-04-27;;
https://www.jove.com/t/52385?language%5C%5Cu003dChinese&?language%5C%5Cu003dChinese&&language=Hebrew,2024-04-27;;
https://www.jove.com/t/117?section=0&&?section=0&&&language=Swedish,2024-04-27;;
https://www.jove.com/t/52987?language=Danish,2024-04-27;;
https://www.jove.com/t/58436?language=Russian,2024-04-27;;
https://www.jove.com/t/56415,2024-04-27;;
https://www.jove.com/v/62268/-?language=Arabic,2024-04-27;;
https://www.jove.com/t/53619?language=German,2024-04-27;;
https://www.jove.com/t/53933?language=Spanish,2024-04-27;;
https://www.jove.com/t/54752/?language=Japanese,2024-04-27;;
https://www.jove.com/t/62768/nsan-tmr-hcrelerinde-ve-tmr-ksinografted-farelerde-makropinositoz?language=Turkish,2024-04-27;;
"https://www.jove.com/t/52777?TRILIBIS_EMULATOR_UA=Mozilla/5.0 (Windows NT 
6.1; WOW64; rv:26.0) Gecko/20100101 Firefox/26.0,Mozilla/5.0 (Windows NT 
6.1; WOW64; rv:26.0) Gecko/20100101 Firefox/26.0,Mozilla/5.0 (Windows NT 
6.1; WOW64; rv:26.0) Gecko/20100101 Firefox/26.0&&language=Japanese,2024-04-27";;
https://www.jove.com/es/t/51044/ingegneria-dei-tessuti-costruzione-di-un-multicellulare-3d-ponteggio?language=Italian,2024-04-27;;
https://www.jove.com/t/4331,2024-04-27;;
https://www.jove.com/v/55964/mtodos-bsicos-para-el-estudio-de-la-ecologa-reproductiva-de-los-peces?list=f1s1d6ie&?list=f1s1d6ie&language=Spanish,2024-04-27;;
https://www.jove.com/t/52005/?list=Z4u4L4Zp&language=Japanese,2024-04-27;;
https://www.jove.com/v/58675/reproductive-techniques-for-ovarian-monitoring-control?list=728JQJ9S&language=Dutch,2024-04-27;;
https://www.jove.com/v/58332/fabricao-de-anisotrpica-polimricas-artificial-clulas-apresentadoras?list=UusbyGHP&language=Portuguese,2024-04-27;;
"https://www.jove.com/t/58520/?utm_source=feedburner&utm_medium=feed&utm_campaign=Feed%253A 
jove %2528JoVE%253A Journal of Visualized Experiments%2529&language=Chinese,2024-04-27";;
https://www.jove.com/v/55414/-lactamase-conductimetric-?language=Hindi,2024-04-27;;
https://www.jove.com/t/60492/?title=jove.com&?title=jove.com&&language=Chinese,2024-04-27;;
https://www.jove.com/v/1656/automatizada-de-sangre-de-microfluidos-protocolo-de-lisis-para-el?id=1656&language=Spanish,2024-04-27;;
https://www.jove.com/v/1301/catheterization-of-intestinal-loops-in-ruminants?section=0&language=Portuguese,2024-04-27;;
https://www.jove.com/v/1209/mtning-span-replikationsfrmga-livet-i-den-spirande-jst?id=1209&language=Swedish,2024-04-27;;
https://www.jove.com/v/1701/klrg1-tetramer-retim-iin-protokol?language=Russian,2024-04-27;;
"https://www.jove.com/t/55423?utm_source=feedburner&utm_medium=feed&utm_campaign=Feed: 
jove (JoVE: Journal of Visualized 
Experiments)&?utm_source=feedburner&utm_medium=feed&utm_campaign=Feed: jove 
(JoVE: Journal of Visualized Experiments)&language=Dutch,2024-04-27";;
https://www.jove.com/t/58660,2024-04-27;;
https://www.jove.com/fr/t/57100/-?language=Hebrew,2024-04-27;;
https://www.jove.com/v/65933/author-spotlight-visualizing-olfactory-receptor-expression-mosquitoes?language=Turkish,2024-04-27;;
https://www.jove.com/v/64090/-?language=Russian,2024-04-27;;
https://www.jove.com/v/60616/anlisis-cuantitativo-del-lipidomo-celular-de-saccharomyces-cerevisiae?language=Spanish,2024-04-27;;
https://www.jove.com/t/51983?language=Arabic,2024-04-27;;
https://www.jove.com/t/56251,2024-04-27;;
https://www.jove.com/t/53902?language=Japanese,2024-04-27;;
https://www.jove.com/t/58537?language=Swedish,2024-04-27;;
https://www.jove.com/t/55723?language=Hindi,2024-04-27;;
"https://www.jove.com/t/59151?utm_source=feedburner&utm_medium=feed&utm_campaign=Feed: 
jove (JoVE: Journal of Visualized 
Experiments)&?utm_source=feedburner&utm_medium=feed&utm_campaign=Feed: jove 
(JoVE: Journal of Visualized Experiments)&&language=Norwegian,2024-04-27";;
https://www.jove.com/t/57874?language=Russian,2024-04-27;;
https://www.jove.com/fr/institutions/EU-Europe/ES-Spain/28463-University-of-the-Balearic-Islands,2024-04-27;;
https://www.jove.com/it/t/61449/detection-of-cell-free-dna-in-blood-plasma-samples-of-cancer-patients,2024-04-27;;
https://www.jove.com/t/52833?language=Danish,2024-04-27;;
https://www.jove.com/t/59394,2024-04-27;;
https://www.jove.com/v/2359/-?list=eVnvbcf7&language=Hindi,2024-04-27;;
https://www.jove.com/t/59394?language=Hindi,2024-04-27;;
https://www.jove.com/t/2966/?list=XZP228Mh&language=Chinese,2024-04-27;;
https://www.jove.com/t/50886?language=Italian,2024-04-27;;
https://www.jove.com/v/65285/author-spotlight-rnai-inheritance-and-chip-in-c-elegans-video-jove?language=Danish,2024-04-27;;
https://www.jove.com/t/3334?language=Hebrew,2024-04-27;;
https://www.jove.com/science-education/11549/proofreading-and-dna-polymerase-enzyme?language=Korean,2024-04-27;;
https://www.jove.com/v/54771/en-ny-metode-til-kvalitativ-multi-skala-analyse-af-bakteriel-biofilm?list=EWM9JV0Y&language=Danish,2024-04-27;;
https://www.jove.com/v/65136/quantifying-fitness-costs-transgenic-aedes-aegypti-mosquitoes-text,2024-04-27;;
https://www.jove.com/es/t/61417/quantifizierung-der-injekbarkeit-durch-mechanische-prfung?language=German,2024-04-27;;
https://www.jove.com/es/v/60455/,2024-04-27;;
https://www.jove.com/v/65933/author-spotlight-visualizing-olfactory-receptor-expression-mosquitoes?language=Japanese,2024-04-27;;
https://www.jove.com/pt/t/200702/lineage-specific-cytochemical-staining-mesenchymal-stem-cells-for?language=Chinese,2024-04-27;;
https://www.jove.com/t/54076?language=Russian,2024-04-27;;
https://www.jove.com/es/v/64839/,2024-04-27;;
https://www.jove.com/v/3491/analysis-of-cell-cycle-position-in-mammalian-cells,2024-04-27;;
https://www.jove.com/v/59637/-?utm_medium=social&utm_source=linkedin&hss_channel=lcp-1399671&&?utm_medium=social&utm_source=linkedin&hss_channel=lcp-1399671&&language=Russian,2024-04-27;;
https://www.jove.com/science-education/v/11122/genomics?language=Chinese,2024-04-27;;
https://www.jove.com/v/58803/syntese-av-estere-via-en-grnnere-steglich-esterification-i?list=XX8wP4s6&language=Norwegian,2024-04-27;;
https://www.jove.com/v/3675/eye-tracking-young-children-with-autism?list=DG964nfx,2024-04-27;;
https://www.jove.com/t/57401?language=Italian,2024-04-27;;
https://www.jove.com/v/10370/safe-handling-of-mineral-acids?list=z3Cn2zkm,2024-04-27;;
https://www.jove.com/it/t/58049/anaerobic-growth-and-maintenance-of-mammalian-cell-lines,2024-04-27;;
https://www.jove.com/v/2002/lanalyse-de-ladn-double-brin-break-ord-de-rparation-dans-les-cellules?language=French,2024-04-27;;
https://www.jove.com/es/v/4038/maus-modell-der-intraluminal-mcao-hirninfarkt-evaluation-durch?language=German,2024-04-27;;
https://www.jove.com/v/3720/intravital-imaging-of-the-mouse-knveckslymfknutas?language=Swedish,2024-04-27;;
https://www.jove.com/v/56019/estratgia-de-fabricao-processada-e-escalvel-para-eletrodos-flexveis-e?language=Portuguese,2024-04-27;;
https://www.jove.com/v/51105/?language=Chinese,2024-04-27;;
https://www.jove.com/v/53044/upptckt-och-tervinning-av-palladium-guld-och-kobolt-metals-frn-urban?language=Swedish,2024-04-27;;
https://www.jove.com/cn/t/62914/?language=Chinese,2024-04-27;;
https://www.jove.com/v/3057/deteco-otimizada-baseados-em-pcr-de-mycoplasma?name=CorporateSponsorship&?name=CorporateSponsorship&language=Portuguese,2024-04-27;;
https://www.jove.com/v/3677/method-to-measure-tone-of-axial-and-proximal-muscle?amp;&&language=Chinese,2024-04-27;
https://www.jove.com/v/2795/proteomik-analizleri-fare-vitreus-ve-retina-eviserasyon?title=JoVE&?title=JoVE&language=Turkish,2024-04-27;;
https://www.jove.com/v/59617/ntrofil-ktle-sitometri-analizi-iin-tm-kemik-ilii-hazrlanmas-lineage?language=Turkish,2024-04-27;;
https://www.jove.com/v/57757/metal-korrosion-og-effektiviteten-af-korrosionsinhibitorer-i-mindre?language=Danish,2024-04-27;;
https://www.jove.com/de/v/63454,2024-04-27;;
https://www.jove.com/pt/v/61890/?language=Chinese,2024-04-27;;
https://www.jove.com/t/53697/quantification-of-filamentous-actin-f--actin-puncta-in-rat-cortical-neurons,2024-04-27;;
https://www.jove.com/v/61134/generating-fractal-microstructure-laminin-111-to-signal-to-cells-text,2024-04-27;;
https://www.jove.com/t/56101/the-c-elegans-excretory-canal-as-a-model-for-intracellular-lumen-morphogenesis-and-in-vivo-polarized-membrane-biogenesis-in-a-single-cell-labeling-by-gfp--fusions-rnai-interaction-screen-and-imaging,2024-04-27;;
https://www.jove.com/t/53167?language=Hebrew,2024-04-27;;
https://www.jove.com/t/52096?language=Portuguese,2024-04-27;;
https://www.jove.com/t/55065/?utm_source=joveglobal&utm_medium=twitter&utm_campaign=RareDiseaseDay2/28/18&?utm_source=joveglobal&utm_medium=twitter&utm_campaign=RareDiseaseDay2/28/18&language=Chinese,2024-04-27;;
https://www.jove.com/t/58991?list=a1frd7sl&&language=Danish,2024-04-27;;
https://www.jove.com/de/v/61672/konjunktival-commensal-isolasjon-og-identifikasjon-hos-mus?language=Norwegian,2024-04-27;;
https://www.jove.com/fr/t/58049/anaerobic-growth-and-maintenance-of-mammalian-cell-lines,2024-04-27;;
https://www.jove.com/fr/v/54239/dna?language=Japanese,2024-04-27;;
https://www.jove.com/t/20173?language=German,2024-04-27;;
https://www.jove.com/t/60538?language=Danish,2024-04-27;;
https://www.jove.com/t/59229?language=German,2024-04-27;;
https://www.jove.com/t/55112/?language=Italian,2024-04-27;;
https://www.jove.com/t/55590?language=Dutch,2024-04-27;;
https://www.jove.com/t/1639/genetic-studies-human-dna-repair-proteins-using-yeast-as-model?list=3yTSm841,2024-04-27;;
https://www.jove.com/pt/v/62048/?language=Japanese,2024-04-27;;
https://www.jove.com/t/2544?language=German,2024-04-27;;
https://www.jove.com/t/65078/?language=Chinese,2024-04-27;;
https://www.jove.com/t/58785,2024-04-27;;
https://www.jove.com/v/184/le-sperme-de-rcolte-et-linsmination-artificielle-des-souris?language=French,2024-04-27;;
https://www.jove.com/t/58110?language=Japanese,2024-04-27;;
https://www.jove.com/t/54784?language=Spanish,2024-04-27;;
https://www.jove.com/t/55246?language=Portuguese,2024-04-27;;
https://www.jove.com/t/59112?language=French,2024-04-27;;
https://www.jove.com/v/3739/methods-for-intravenous-self-administration-in-a-mouse-model,2024-04-27;;
https://www.jove.com/t/55488?utm_content=bufferdc9e7&utm_medium=social&utm_source=twitter.com&utm_campaign=buffer&?utm_content=bufferdc9e7&utm_medium=social&utm_source=twitter.com&utm_campaign=buffer&,2024-04-27;;
https://www.jove.com/t/60852?language=Norwegian,2024-04-27;;
https://www.jove.com/t/50673?language=Russian,2024-04-27;;
https://www.jove.com/t/50248,2024-04-27;;
https://www.jove.com/t/3564/?list=ofL3DL16&language=Japanese,2024-04-27;;
https://www.jove.com/t/53245/van-constructen-naar-crystals-naar-structuur-bepaling-van-barrel?language=Dutch,2024-04-27;;
https://www.jove.com/t/57324/preparation-purification-and-use-of-fatty-acid-containing-liposomes?list=U972P6F9,2024-04-27;;
https://www.jove.com/t/50644?language=Norwegian,2024-04-27;;
https://www.jove.com/t/1954/?list=Y6Ke37Rk&language=Chinese,2024-04-27;;
https://www.jove.com/t/242/?section=0&&?section=0&&&language=Chinese,2024-04-27;;
https://www.jove.com/fr/v/51269/domuzlar-miyokard-enfarkts-ve-fonksiyonel-sonu-deerlendirmesi?language=Turkish,2024-04-27;;
https://www.jove.com/t/55622/?list=qvj6Aus9&language=Japanese,2024-04-27;;
https://www.jove.com/t/55567?language=Portuguese,2024-04-27;;
https://www.jove.com/v/58386/-?language=Danish,2024-04-27;;
https://www.jove.com/v/50845/en-mus-modell-av-subaraknoidalbldning?language=German,2024-04-27;;
https://www.jove.com/t/52905/?list=Vj5047Is&language=Chinese,2024-04-27;;
https://www.jove.com/fr/v/53463/-ador-?language=Russian,2024-04-27;;
https://www.jove.com/de/t/2744/electrode-positioning-montage-transcranial-direct-current,2024-04-27;;
https://www.jove.com/t/55038?language=Portuguese,2024-04-27;;
https://www.jove.com/t/52361?language=Japanese,2024-04-27;;
"https://www.jove.com/t/58048?utm_source=feedburner&utm_medium=feed&utm_campaign=Feed: 
jove (JoVE: Journal of Visualized 
Experiments)&?utm_source=feedburner&utm_medium=feed&utm_campaign=Feed: jove 
(JoVE: Journal of Visualized Experiments)&&language=Danish,2024-04-27";;
https://www.jove.com/t/55729/?language=Japanese,2024-04-27;;
https://www.jove.com/v/65785/development-optimization-human-hepatocellular-carcinoma-patient?language=Italian,2024-04-27;;
https://www.jove.com/t/55038?language=Hebrew,2024-04-27;;
"https://www.jove.com/t/59846/?utm_source=feedburner&utm_medium=feed&utm_campaign=Feed: 
jove (JoVE: Journal of Visualized 
Experiments)&?utm_source=feedburner&utm_medium=feed&utm_campaign=Feed: jove 
(JoVE: Journal of Visualized Experiments)&&language=Japanese,2024-04-27";;
https://www.jove.com/v/61013/-?language=Hindi,2024-04-27;;
https://www.jove.com/v/53573/espectroscopia-ptica-difusa-para-la-evaluacin-cuantitativa-de-la?list=70D0SQuP&language=Spanish,2024-04-27;;
https://www.jove.com/t/54832/generation-of-murine-monoclonal-antibodies-by-hybridoma-technology?list=9hYxU36O,2024-04-27;;
https://www.jove.com/t/56930/partial-bile-duct-ligation-in-the-mouse-a-controlled-model-of-localized-obstructive-cholestasis,2024-04-27;;
https://www.jove.com/t/58159/preparation-high-quality-primary-cell-culture-from-fish?list=U9yLolDP,2024-04-27;;
https://www.jove.com/v/50346/?list=fCj09ydn&language=Chinese,2024-04-27;;
https://www.jove.com/v/64861/robot-assisted-transcanal-endoscopic-ear-surgery-for-congenital?language=Spanish,2024-04-27;;
https://www.jove.com/t/50038/analysis-of-gene-function-and-visualization-of-cilia--generated-fluid-flow-in-kupffers-vesicle,2024-04-27;;
https://www.jove.com/t/56127/aerosol--assisted-chemical-vapor-deposition-of-metal-oxide-structures-zinc-oxide-rods,2024-04-27;;
https://www.jove.com/v/63394/cantilever-bending-von-murinen-oberschenkelhlsen?language=German,2024-04-27;;
https://www.jove.com/v/57415?language=Swedish,2024-04-27;;
https://www.jove.com/video/57415?language=Swedish,2024-04-27;;
https://www.jove.com/v/57205/-?language=Hebrew,2024-04-27;;
https://www.jove.com/v/58504/timelige-analyse-av-kjernefysisk-til-cytoplasmatiske-translokasjon-av?language=Norwegian,2024-04-27;;
https://www.jove.com/v/57710/caracterizacin-antimicrobiana-de-materiales-avanzados-para?sa=X&ved=2ahUKEwiTh4qc9aLnAhXQEVAKHY1cBLcQuAIwCHoECAMQAg&language=Spanish,2024-04-27;;
https://www.jove.com/v/56819/-blumgart-pancreaticojejunostomy-pancreatoduodenectomy?list=4OCa6nq7&language=Korean,2024-04-27;;
https://www.jove.com/v/3923/agarose-gel-electrophoresis-for-the-separation-of-dna-fragments?language=Chinese,2024-04-27;;
https://www.jove.com/v/54578/integration-remote-sensing-med-artsfordeling-modeller-kortlgning?language=Danish,2024-04-27;;
https://www.jove.com/v/58500/herstellung-von-dreidimensionalen-graphen-basierte-polyeder-ber?language=German,2024-04-27;;
https://www.jove.com/science-education/10814/dna?language=Arabic,2024-04-27;;
https://www.jove.com/v/3885?language=Danish,2024-04-27;;
https://www.jove.com/t/50497/measuring-the-mechanical-properties-of-living-cells-using-atomic-force-microscopy,2024-04-27;;
https://www.jove.com/v/4168,2024-04-27;;
https://www.jove.com/video/4168,2024-04-27;;
https://www.jove.com/t/62696/quantitative-31p-nmr-analysis-of-lignins-and-tannins,2024-04-27;;
https://www.jove.com/v/3577/?id=3577&language=Chinese,2024-04-27;;
https://www.jove.com/science-education/14102/what-is-hypothesis-accept-or-fail-to-reject-in-statistics-video,2024-04-27;;
https://www.jove.com/v/56333/-?list=Cf5JNaZ0&?list=Cf5JNaZ0&&&language=Arabic,2024-04-27;;
https://www.jove.com/t/59607/scattering-and-absorption-of-light-in-planetary-regoliths?list=3X8Nju45,2024-04-27;;
https://www.jove.com/t/57300/simultaneous-video-eeg-ecg-monitoring-to-identify-neurocardiac-dysfunction-in-mouse-models-of-epilepsy,2024-04-27;;
https://www.jove.com/v/61858/usando-y-mazes-fechados-para-avaliar-o-comportamento-chemosensorial?language=Portuguese,2024-04-27;;
https://www.jove.com/v/2498/isolierung-von-ribosomen-bersetzen-enthaltend-peptidyl-trnas-fr?language=Hebrew,2024-04-27;;
https://www.jove.com/v/63790/flowcytometrische-analyse-van-biomarkers-voor-het-detecteren-van?language=Dutch,2024-04-27;;
https://www.jove.com/it/v/54207/detection-rna-binding-proteins-vitro-rna-pull-down-adipocyte?language=Portuguese,2024-04-27;;
https://www.jove.com/pt/v/61313/modellering-van-primaire-bottumoren-en-botmetastase-met-implantatie?language=Dutch,2024-04-27;;
https://www.jove.com/v/3175/dans-limagerie-de-bioluminescence-vivo-de-la-tumeur-dynamics-hypoxie?language=French?language%3DFrench,2024-04-27;;
https://www.jove.com/v/54170/infusion-iv-continue-est-le-traitement-de-choix-pour-la-route?language=French,2024-04-27;;
https://www.jove.com/v/59413/anlise-do-desenvolvimento-de-cmara-cardaca-durante-embriognese-de?language=Portuguese,2024-04-27;;
https://www.jove.com/v/55393/ett-modifierat-socialt-stressprov-fr-trier-fr-utsatta-mexikanska?language=German,2024-04-27;;
https://www.jove.com/v/64472/letaliteit-bioassay-met-behulp-van-artemia-salina-l?trk=organization_guest_main-feed-card-text&language=Dutch,2024-04-27;;
https://www.jove.com/v/3178/probing-the-brain-in-autism-using-fmri-and-diffusion-tensor-imaging?force=1&language=Russian,2024-04-27;;
https://www.jove.com/v/53839/die-entwicklung-der-lyophilisierte-loop-mediated-isothermal?language=German,2024-04-27;;
https://www.jove.com/v/53622/ratiometric-imaging-of-extracellular-ph-in-dental-biofilms?list=ZjMyt64g&language=Danish,2024-04-27;;
https://www.jove.com/v/53801/mikroskopie-von-fission-yeast-sexual-lifecycle?language=German?language%3DGerman,2024-04-27;;
https://www.jove.com/v/53867/a-simple-bioassay-for-evaluation-vascular-endothelial-growth?list=7495R682&?list=7495R682&&language=Russian,2024-04-27;;
https://www.jove.com/v/60258/hantering-av-respiratory-motion-artefakter-i-18f-fluorodeoxyglucose?language=Swedish,2024-04-27;;
https://www.jove.com/v/59315/zebrafish-?language=Korean,2024-04-27;;
https://www.jove.com/v/65982/acquiring-hyperpolarized-129xe-magnetic-resonance-images-lung?language=Japanese,2024-04-27;;
https://www.jove.com/v/64288/effektiv-transfektion-av-vitro-transkriberat-mrna-i-odlade-celler-med?language=Swedish,2024-04-27;;
https://www.jove.com/v/118/es-cell-derived-neuroepithelial-cell-cultures?section=0&language=French,2024-04-27;;
https://www.jove.com/v/64706/iirilmeyen-supraglottik-hava-yolu-sga-kullanlarak-yenidoan-hasta?language=Turkish,2024-04-27;;
https://www.jove.com/v/56470/una-basata-su-array-comparative-genomic-ibridazione-piattaforma-per?language=Italian,2024-04-27;;
https://www.jove.com/v/56603/-dmmtav-dmdtav-dmav-?language=Russian,2024-04-27;;
https://www.jove.com/science-education/11214/hydrolysis-of-an-ester?language=German,2024-04-27;;
https://www.jove.com/v/54107/dtection-de-anastasis-in-vivo-par-caspasetracker-biocapteur?language=French,2024-04-27;;
https://www.jove.com/v/52858/a-?language=Arabic,2024-04-27;;
https://www.jove.com/v/2914?language=Japanese,2024-04-27;;
https://www.jove.com/video/2914?language=Japanese,2024-04-27;;
https://www.jove.com/de/science-education-library/49/signalisation-cellulaire,2024-04-27;;
https://www.jove.com/v/56249/-?language=Russian,2024-04-27;;
https://www.jove.com/v/4029/dois-mtodos-de-formao-de-heterocrios-descobrir-fatores-de-restrio-hcv?language=Portuguese,2024-04-27;;
https://www.jove.com/v/62211/in-vivo-?language=Russian,2024-04-27;;
https://www.jove.com/cn/institutions/AF-Africa/KE-Kenya/30362-Sino-Africa-Joint-Research-Center,2024-04-27;;
https://www.jove.com/t/59624/traduccin-de-la-purificacin-de-afinidad-de-ribosoma-trap-para-el?language=Spanish,2024-04-27;;
https://www.jove.com/v/1594/tgrder-fr-hjrt-och-ventilationsstd-priser-i-fritt-flytta-krftor?language=Swedish,2024-04-27;;
https://www.jove.com/v/62923/o-modelo-de-rato-de-6-hidroxidopamina-da-doena-de-parkinson?language=Portuguese,2024-04-27;;
https://www.jove.com/v/55399/-?language=Russian,2024-04-27;;
"https://www.jove.com/v/2744/electrode-positioning-montage-transcranial-direct-current?TRILIBIS_EMULATOR_UA=Mozilla/5.0 
(Windows NT 6.1; WOW64; rv:26.0) Gecko/20100101 Firefox/26.0,Mozilla/5.0 
(Windows NT 6.1; WOW64; rv:26.0) Gecko/20100101 Firefox/26.0,Mozilla/5.0 
(Windows NT 6.1; WOW64; rv:26.0) Gecko/20100101 Firefox/26.0&language=Hebrew,2024-04-27";;
https://www.jove.com/v/10358/angular-momentum?list=J30b1A8q&language=Chinese,2024-04-27;;
https://www.jove.com/v/61532/sanlarda-mandibuler-kemik-lii-mezenkimal-kk-hcrelerinin-zolasyonu-ve?language=Danish,2024-04-27;;
https://www.jove.com/t/61730/flash-infrarood-gloeien-voor-perovskiet-zonnecel-verwerking?language=Chinese,2024-04-27;;
https://www.jove.com/v/2498/isolierung-von-ribosomen-bersetzen-enthaltend-peptidyl-trnas-fr?language=Japanese,2024-04-27;;
https://www.jove.com/v/1470/isolamento-rna-da-embrionali-sintesi-zebrafish-e-cdna-per-lanalisi-di?sectionid=0&language=Italian,2024-04-27;;
https://www.jove.com/v/705/single-cell-elektroporatie-vivo-binnen-de-intact-ontwikkeling-van-de?language=Dutch,2024-04-27;;
https://www.jove.com/v/62699/evaluacin-del-deterioro-motor-en-modelos-de-c-elegans-de-esclerosis?language=Spanish,2024-04-27;;
https://www.jove.com/v/54820?language=Swedish,2024-04-27;;
https://www.jove.com/video/54820?language=Swedish,2024-04-27;;
https://www.jove.com/v/52021/-?language=Arabic,2024-04-27;;
https://www.jove.com/v/60143/zeer-efficinte-transfectie-van-primaire-macrofagen-met-vitro?language=Dutch,2024-04-27;;
https://www.jove.com/t/51703/een-protocol-te-infecteren?language=Dutch,2024-04-27;;
https://www.jove.com/v/1540/-osheroff-1996,2024-04-27;;
https://www.jove.com/v/56894/-oncorhynchus-mykiss-salmo-trutta-fario?language=Russian,2024-04-27;;
https://www.jove.com/v/50818/confocale-beeldvorming-van-single-mitochondriaal-superoxide-knippert?language=Turkish,2024-04-27;;
https://www.jove.com/v/56993/hepatocytes-?language=Korean,2024-04-27;;
https://www.jove.com/v/59449/-mecp2-?language=Korean,2024-04-27;;
https://www.jove.com/v/62745/shuttle-box-assay-som-et-assosiativt-lringsverkty-for-kognitiv?language=Norwegian,2024-04-27;;
https://www.jove.com/v/843/belangrijke-componenten-van-de-lichtmicroscoop?list=NC4Ze37P&&language=Dutch,2024-04-27;;
https://www.jove.com/v/65667/author-spotlight-exploring-the-role-of-fam83a-in-cervical-cancer?language=German,2024-04-27;;
https://www.jove.com/v/52701/paw-drar-en-roman-sensitive-analyse-av-mouse-cylinder-test?language=Norwegian,2024-04-27;;
https://www.jove.com/v/10402/un-quipement-de-protection-personnels?language=Spanish,2024-04-27;;
https://www.jove.com/v/50536/porphysomes?language=Russian,2024-04-27;;
https://www.jove.com/pt/v/50627/gnration-et-quantification-3-dimensional-des-lsions-artrielles-chez?language=French,2024-04-27;;
https://www.jove.com/t/56440/multiplex-cytokine-profiling-of-stimulated-mouse-splenocytes-using-a-cytometric-bead--based-immunoassay-platform,2024-04-27;;
https://www.jove.com/v/59106/anbau-von-grnen-mikroalgen-bubble-spalte-photobioreaktoren-und-ein?language=German,2024-04-27;;
https://www.jove.com/v/62069/r-loop-analysis-by-dot-blot?language=Norwegian,2024-04-27;;
https://www.jove.com/t/4119/quantitative-measurement-of-invadopodia--mediated-extracellular-matrix-proteolysis-in-single-and-multicellular-contexts,2024-04-27;;
https://www.jove.com/v/51237/?language=Chinese,2024-04-27;;
https://www.jove.com/v/3394/en-enkel-metod-fr-imaging-arabidopsis-blad-anvnda-perfluorodecalin?language=Italian,2024-04-27;;
https://www.jove.com/es/search?q=l'iniezione intraperitoneale,2024-04-27;;
https://www.jove.com/v/51302/microrheology?language=Chinese,2024-04-27;;
https://www.jove.com/v/59212/medium-throughput-screening-assays-til-vurdering-af-virkninger-p-ca2?language=Danish,2024-04-27;;
https://www.jove.com/t/845/la-mods-mtodo-para-el-diagnstico-de-la-tuberculosis-y-la-tuberculosis?ID=845&?ID=845&&language=Spanish,2024-04-27;;
https://www.jove.com/v/845/la-mods-mtodo-para-el-diagnstico-de-la-tuberculosis-y-la-tuberculosis?list=Maw8dXwN&language=Spanish,2024-04-27;;
https://www.jove.com/v/51093/?list=e3uz4ghm&language=Japanese,2024-04-27;;
https://www.jove.com/t/64807/gene-expression-analyses-in-human-follicles?language=Chinese,2024-04-27;;
https://www.jove.com/v/54118/atterberg?language=Japanese,2024-04-27;;
https://www.jove.com/t/60981/?language=Japanese,2024-04-27;;
https://www.jove.com/cn/archive/132/february-2018,2024-04-27;;
https://www.jove.com/v/54910,2024-04-27;;
https://www.jove.com/video/54910,2024-04-27;;
https://www.jove.com/v/51671,2024-04-27;;
https://www.jove.com/video/51671/an-isolated-working-heart-system-for-large-animal-models,2024-04-27;;
https://www.jove.com/t/53853?language=Chinese?language%3Dchinese,2024-04-27;;
https://www.jove.com/v/52633/synchronisation?language=German,2024-04-27;;
https://www.jove.com/es/institutions/EU-Europe/GR-Greece/32188-University-Hospital-of-Heraklion-Crete,2024-04-27;;
https://www.jove.com/de/t/57379/rna-rna-rna-?language=Japanese,2024-04-27;;
https://www.jove.com/fr/t/50007/-?language=Hebrew,2024-04-27;;
https://www.jove.com/v/1278/dendra2-photoswitching-through-the-mammary-imaging-window?ID=1278&language=Korean,2024-04-27;;
https://www.jove.com/v/57237/-?language=Korean,2024-04-27;;
https://www.jove.com/pt/v/60576/multi-scale-analysis-of-bacterial-growth-under-stress-treatments,2024-04-27;;
https://www.jove.com/v/1163/-1-3l-?language=Russian,2024-04-27;;
https://www.jove.com/index/Details.stp?ID=1748,2024-04-27;;
https://www.jove.com/t/1748,2024-04-27;;
https://www.jove.com/v/56195,2024-04-27;;
https://www.jove.com/video/56195/a-standard-methodology-to-,2024-04-27;;
https://www.jove.com/v/3444,2024-04-27;;
https://www.jove.com/video/3444/,2024-04-27;;
https://www.jove.com/v/60668/-sns-cobalt-ii-?language=Russian,2024-04-27;;
https://www.jove.com/v/10403/proper-waste-disposal?access=n5hnnssh&language=Spanish,2024-04-27;;
https://www.jove.com/v/2149?language=Russian,2024-04-27;;
https://www.jove.com/v/66080/author-spotlight-unveiling-dynamics-mechanical-biochemical-signals?language=German,2024-04-27;;
https://www.jove.com/v/56855/un-western-blotting-protocollo-per-un-piccolo-numero-di-cellule?language=Italian,2024-04-27;;
https://www.jove.com/t/52991/observation-of-the-ciliary-movement-of-choroid-plexus-epithelial-cells-ex-vivo,2024-04-27;;
https://www.jove.com/v/55234/stimulation-of-notch-signaling-in-mouse-osteoclast-precursors?list=7495R682&language=Hindi,2024-04-27;;
https://www.jove.com/v/59597/fremstilling-af-amyloid-udskilning-af-alginat-mikroperler-til-brug?language=Danish,2024-04-27;;
https://www.jove.com/t/1265/lactogenic,2024-04-27;;
https://www.jove.com/v/52394/a-human-maskin-grensesnitt-integrering-rimelige-sensorer-med-en?language=Norwegian,2024-04-27;;
https://www.jove.com/fr/v/4367/il-paradigma-residente-intruso-un-test-standardizzato-per-aggressione?language=Italian,2024-04-27;;
https://www.jove.com/v/10399/decontamin,2024-04-27;;
https://www.jove.com/v/53865/analysis-circadian-photoresponses-drosophila-using-locomotor?language=German,2024-04-27;;
https://www.jove.com/v/52924/kvantifisering-av-endotelcelle-klebrighet?language=Norwegian?language%3DNorwegian,2024-04-27;;
https://www.jove.com/v/54896/-electrocorticograms-ecogs-?language=Korean?language%3DKorean,2024-04-27;;
"https://www.jove.com/v/54195/visualisatie-van-ambient-massaspectrometrie-met-het-gebruik-van?utm_source=feedburner&utm_medium=feed&utm_campaign=Feed: 
jove (JoVE: Journal of Visualized Experiments)&language=Dutch,2024-04-27";;
https://www.jove.com/v/2596/thermal-ablation-for-the-treatment-of-abdominal-tumors?list=4OCa6nq7,2024-04-27;;
https://www.jove.com/v/66132/author-spotlight-investigating-viral-disruption-intestinal-epithelial?language=Chinese,2024-04-27;;
https://www.jove.com/v/4390/integreret-photoacoustic-oftalmoskopi-og-spectral-domnet-optical?language=Chinese,2024-04-27;;
"https://www.jove.com/v/50881/cokultur-system-med-en-organotypisk-brain-slice-og-3d-sfroide-af?utm_campaign=Feed%253A 
jove %2528JoVE%253A Journal of Visualized 
Experiments%2529&?utm_campaign=Feed%253A jove %2528JoVE%253A Journal of 
Visualized Experiments%2529&language=Danish,2024-04-27";;
https://www.jove.com/v/52423/-?language=Arabic,2024-04-27;;
https://www.jove.com/v/60951/mappatura-superficiale-di-esopianeti-simili-alla-terra-utilizzando?language=Italian,2024-04-27;;
https://www.jove.com/t/560?language=Chinese,2024-04-27;;
https://www.jove.com/v/58872/syntese-og-karakterisering-af-amphiphilic-guld-nanopartikler?language=Danish,2024-04-27;;
https://www.jove.com/science-education/10731/activation-energy?language=Spanish,2024-04-27;;
https://www.jove.com/v/2621?language=Dutch,2024-04-27;;
https://www.jove.com/science-education/10573/bacterial-transformation?language=Italian,2024-04-27;;
https://www.jove.com/pt/v/57767/quantificare-la-colonizzazione-di-vibrio-cholerae-e-diarrea-nel?language=Italian,2024-04-27;;
https://www.jove.com/v/51134/humaniseret-mouse-model-til-study-bakterieinfektioner-mlretning?list=Maw8dXwN&language=Danish,2024-04-27;;
https://www.jove.com/t/200902/performing-small-needle-knife-therapy-on-patients-with-frozen?language=Chinese,2024-04-27;;
https://www.jove.com/t/3266/-ccox-sdh?language=Japanese,2024-04-27;;
https://www.jove.com/t/56477/-?language=Chinese,2024-04-27;;
https://www.jove.com/v/54409?language=Norwegian,2024-04-27;;
https://www.jove.com/video/54409?language=Norwegian,2024-04-27;;
https://www.jove.com/t/54753?language=Chinese,2024-04-27;;
https://www.jove.com/v/3404,2024-04-27;;
https://www.jove.com/video/3404/imaging-neuronal-responses-slice-preparations-vomeronasal-organ,2024-04-27;;
https://www.jove.com/v/60616/kvantitativ-analyse-af-cellulre-lipidom-af-saccharomyces-cerevisiae?language=Danish,2024-04-27;;
https://www.jove.com/cn/t/56448/-mdck-siat1-microneutralization-h3n2-?language=Chinese,2024-04-27;;
https://www.jove.com/v/2744/electrode-positioning-montage-transcranial-direct-current?TRILIBIS_EMULATOR_UA=nsclpfpr,nsclpfpr,nsclpfpr,nsclpfpr,nsclpfpr,nsclpfpr,nsclpfpr,nsclpfpr&&language=Russian,2024-04-27;;
https://www.jove.com/es/v/20612,2024-04-27;;
https://www.jove.com/fr/t/62313/microcrystal-electron-diffraction-of-small-molecules,2024-04-27;;
https://www.jove.com/t/56329?language=Hindi,2024-04-27;;
https://www.jove.com/es/t/54598,2024-04-27;;
https://www.jove.com/v/61014/damlack-tabanl-rna-sralamaile-yksek-eldeli-maya-zorlanma-fenotilik?language=Turkish,2024-04-27;;
https://www.jove.com/v/184/harvesting-sperm-and-artificial-insemination-of-mice,2024-04-27;;
https://www.jove.com/v/64623/,2024-04-27;;
https://www.jove.com/v/65451/author-spotlight-understanding-mechanism-tuina-manipulation-rats?language=Korean,2024-04-27;;
https://www.jove.com/v/1138/mapeo-ptico-de-corazones-de-ratas-langendorff-perfundidos?id=1138&language=Spanish,2024-04-27;;
https://www.jove.com/es/v/58216/,2024-04-27;;
https://www.jove.com/v/1553/generation-of-induced-pluripotent-stem-cells-by-reprogramming-human-fibroblasts-with-the-stemgent-human-tf-lentivirus-set,2024-04-27;;
https://www.jove.com/t/50687/?language=Chinese,2024-04-27;;
https://www.jove.com/v/57288/samle-hrprver-for-hr-kortisol-analyse-i-afrikanske-amerikanere?language=Norwegian,2024-04-27;;
https://www.jove.com/v/56302?language=Spanish,2024-04-27;;
https://www.jove.com/video/56302?language=Spanish,2024-04-27;;
https://www.jove.com/v/56625/monosit-hedefleme-peptid-amfifil-micelles-iin-dsel-ateroskleroz?list=y6q7MRoO&&language=Turkish,2024-04-27;;
https://www.jove.com/v/65341/author-spotlight-bridging-gaps-anatomy-establishing-foundation-for?language=Norwegian,2024-04-27;;
https://www.jove.com/it/t/60443/-?language=Arabic,2024-04-27;;
https://www.jove.com/v/58018,2024-04-27;;
https://www.jove.com/video/58018/measuring-magnetically-tuned-ferroelectric-polarization-liquid,2024-04-27;;
https://www.jove.com/kr/v/57328,2024-04-27;;
https://www.jove.com/fr/t/50304/cell-co-culture-patterning-using-aqueous-two-phase-systems,2024-04-27;;
https://www.jove.com/v/54655/-vac-?language=Hebrew,2024-04-27;;
https://www.jove.com/details.php?id=2968,2024-04-27;;
https://www.jove.com/t/2968,2024-04-27;;
https://www.jove.com/t/11595,2024-04-27;;
https://www.jove.com/t/54101/beurteilung-der-herz-morphologische-und-funktionelle-vernderungen?language=Chinese,2024-04-27;;
https://www.jove.com/v/65458/,2024-04-27;;
https://www.jove.com/v/10420/tests-on-fresh-concrete?language=Arabic,2024-04-27;;
https://www.jove.com/v/64/s-cerevisiae?sectionid=0&&language=Japanese,2024-04-27;;
https://www.jove.com/v/57614/home-based-transcranial-direct-attuale-sviluppo-di-device-di?list=DG964nfx&?list=DG964nfx&&language=Italian,2024-04-27;;
https://www.jove.com/t/1925?language=Portuguese,2024-04-27;;
https://www.jove.com/v/2744/electrode-positioning-montage-transcranial-direct-current?TRILIBIS_EMULATOR_UA=nsclpfpr,nsclpfpr,nsclpfpr,nsclpfpr,nsclpfpr,nsclpfpr,nsclpfpr,nsclpfpr&&language=Korean,2024-04-27;;
https://www.jove.com/kr/t/61762/acupuncture-in-a-rat-model-of-asthma?language=Hebrew,2024-04-27;;
https://www.jove.com/v/55565/a-5-?language=Arabic,2024-04-27;;
https://www.jove.com/v/60191/-o2-?list=PQL91r4e&language=Korean,2024-04-27;;
https://www.jove.com/v/2882/tek-drosophila-ommatidium-diseksiyon-ve-grntleme?amp;&?amp;&language=Turkish,2024-04-27
https://www.jove.com/fr/v/4454/-?language=Russian,2024-04-27;;
https://www.jove.com/pt/v/51820/-?language=Arabic,2024-04-27;;
https://www.jove.com/t/3916?language=Chinese,2024-04-27;;
https://www.jove.com/v/5680?list=9ye324T1&?list=9ye324T1&language=Italian,2024-04-27;;
https://www.jove.com/v/2064/-lignification-?language=Spanish,2024-04-27;;
https://www.jove.com/v/58704,2024-04-27;;
https://www.jove.com/video/58704/quantifying-leukocyte-egress-via-lymphatic-vessels-from-murine-skin,2024-04-27;;
https://www.jove.com/v/52117/-metagenomes-metatranscriptomes-?language=Hindi,2024-04-27;;
https://www.jove.com/v/57007/ultrasonic-fatigue-testing-in-the-tension--compression-mode,2024-04-27;;
https://www.jove.com/fr/v/62533/et-justerbart-high-definition-imaging-system-til-adfrdsmssige?language=Danish,2024-04-27;;
https://www.jove.com/v/2772/ein-protokoll-fr-die-erfassung-und-frbung-blutzellen-aus-dem?language=German,2024-04-27;;
https://www.jove.com/v/2241/synnerven-transection-en-modell-av-vuxen-neuron-apoptos-i-det?language=Swedish,2024-04-27;;
https://www.jove.com/v/1751,2024-04-27;;
https://www.jove.com/video/1751,2024-04-27;;
https://www.jove.com/v/56114?language=Turkish,2024-04-27;;
https://www.jove.com/video/56114?language=Turkish,2024-04-27;;
https://www.jove.com/t/63157,2024-04-27;;
https://www.jove.com/t/59252?language=German,2024-04-27;;
https://www.jove.com/science-education/10910/neurulation?language=Hebrew,2024-04-27;;
https://www.jove.com/t/61139/sntese-de-nanopartculas-de-ouro-modificada-aptamer-pei-g-peg?language=Korean,2024-04-27;;
https://www.jove.com/v/50839?language=Japanese,2024-04-27;;
https://www.jove.com/video/50839?language=Japanese,2024-04-27;;
https://www.jove.com/v/58535/a-novel-approach-to-monitoring-graft-neovascularization-human?language=Arabic,2024-04-27;;
https://www.jove.com/es/t/55130,2024-04-27;;
https://www.jove.com/v/52976/t-cellen-capture-bacterin-door-transinfection-van-dendritische-cellen?list=58EK0Gmh&language=Dutch,2024-04-27;;
https://www.jove.com/t/52438/-ligation-?language=Japanese,2024-04-27;;
https://www.jove.com/science-education/5097?language=French,2024-04-27;;
https://www.jove.com/t/59298/-1?language=Arabic,2024-04-27;;
https://www.jove.com/v/60607/anvndning-av-mikroskala-termofores-fr-att-mta-protein?status=a62613k&language=Swedish,2024-04-27;;
https://www.jove.com/t/12013,2024-04-27;;
https://www.jove.com/t/59971/?list=JSCEIoHA&language=Japanese,2024-04-27;;
https://www.jove.com/v/59573,2024-04-27;;
https://www.jove.com/video/59573/enrichment-native-lipoprotein-particles-with-microrna-subsequent,2024-04-27;;
https://www.jove.com/v/53688/monodomain-elastomers-elastomer-nanocomposites-?language=Hindi,2024-04-27;;
https://www.jove.com/v/1353?language=Chinese,2024-04-27;;
https://www.jove.com/video/1353?language=Chinese,2024-04-27;;
https://www.jove.com/v/4079,2024-04-27;;
https://www.jove.com/video/4079/,2024-04-27;;
https://www.jove.com/t/1382/?language=Arabic,2024-04-27;;
https://www.jove.com/v/10204/?language=Chinese,2024-04-27;;
https://www.jove.com/t/53602/-a-bsl-4-3-?language=Arabic,2024-04-27;;
https://www.jove.com/v/59048?language=Italian,2024-04-27;;
https://www.jove.com/de/v/66050/unraveling-molecular-mechanisms-pco-fibrosis-following-cataract,2024-04-27;;
https://www.jove.com/t/52096?language=Chinese,2024-04-27;;
https://www.jove.com/t/56825/a-novel-in-vitro-wound-healing-assay-to-evaluate-cell-migration,2024-04-27;;
https://www.jove.com/t/60538?language=Japanese,2024-04-27;;
https://www.jove.com/t/53614?language=Korean,2024-04-27;;
https://www.jove.com/t/55228?language=German,2024-04-27;;
https://www.jove.com/v/59710/-?list=J3aL16Tf&?list=J3aL16Tf&language=Arabic,2024-04-27;;
https://www.jove.com/v/58708/supramaximal-intensidade-exerccio-hipxica-e-avaliao-da-funo-vascular?language=Portuguese,2024-04-27;;
https://www.jove.com/v/65893/author-spotlight-isolation-glial-cells-from-adult-mouse-spinal-cord?language=Swedish,2024-04-27;;
https://www.jove.com/v/185/retrieval-of-mouse-oocytes,2024-04-27;;
https://www.jove.com/pt/t/60419/?language=Chinese,2024-04-27;;
https://www.jove.com/v/52410?language=Danish,2024-04-27;;
https://www.jove.com/video/52410?language=Danish,2024-04-27;;
https://www.jove.com/v/61557/-brca1-crispr-?language=Arabic,2024-04-27;;
https://www.jove.com/v/59416/-?language=Korean,2024-04-27;;
https://www.jove.com/pt/search?q=Slokdarmneoplasma's,2024-04-27;;
https://www.jove.com/t/60419/?language=Chinese,2024-04-27;;
https://www.jove.com/v/52562/-hydrogel-murine-?language=Hindi,2024-04-27;;
https://www.jove.com/v/1592?language=Hebrew,2024-04-27;;
https://www.jove.com/video/1592?language=Hebrew,2024-04-27;;
"https://www.jove.com/v/57994/een-veelzijdig-model-van-harde-teek-besmetting-op-laboratorium?utm_source=feedburner&utm_medium=feed&utm_campaign=Feed%253A 
jove %2528JoVE%253A Journal of Visualized 
Experiments%2529&?utm_source=feedburner&utm_medium=feed&utm_campaign=Feed%253A 
jove %2528JoVE%253A Journal of Visualized Experiments%2529&&language=Dutch,2024-04-27";;
https://www.jove.com/v/58213,2024-04-27;;
https://www.jove.com/video/58213/design-use-an-,2024-04-27;;
https://www.jove.com/v/55979/-dna-?list=q0KdD7Ao&language=Chinese,2024-04-27;;
https://www.jove.com/t/56410/estudando-o-sinal-de-insulina-hipotalmico-intolerncia-de-glicose?language=Russian,2024-04-27;;
https://www.jove.com/es/t/50065/p50-sensory-gating-in-infants?language=Hindi,2024-04-27;;
https://www.jove.com/science-education-library/49/-?language=Arabic?language%3DArabic,2024-04-27;;
https://www.jove.com/v/55103,2024-04-27;;
https://www.jove.com/video/55103,2024-04-27;;
https://www.jove.com/t/57288/collecting-hair-samples-for-hair-cortisol-analysis-in-african-americans,2024-04-27;;
https://www.jove.com/it/v/61598/?language=Chinese,2024-04-27;;
https://www.jove.com/t/53032/vagus-nerve-stimulation-as-a-tool-to-induce-plasticity-in-pathways-relevant-for-extinction-learning,2024-04-27;;
https://www.jove.com/es/science-education-library/58/genexpressie,2024-04-27;;
https://www.jove.com/t/60419?language=Chinese?language%3Dchinese,2024-04-27;;
https://www.jove.com/v/62048/ultrassom-doppler-transcranial-funcional-para-monitoramento-do-fluxo?language=Portuguese,2024-04-27;;
https://www.jove.com/de/v/59458,2024-04-27;;
https://www.jove.com/it/v/65644/author-spotlight-analysis-ovarian-anatomy-migratory-insects-to?language=Japanese,2024-04-27;;
https://www.jove.com/t/3066/absolute-quantum-yield-measurement-of-powder-samples?list=tsJ5Di52,2024-04-27;;
https://www.jove.com/t/55815?language=Turkish,2024-04-27;;
https://www.jove.com/v/56623?language=Danish,2024-04-27;;
https://www.jove.com/video/56623?language=Danish,2024-04-27;;
https://www.jove.com/v/63691/microscopic-replantation-penile-glans-amputation-due-to,2024-04-27;;
https://www.jove.com/v/3966/determining-soil--transmitted-helminth-infection-status-and-physical-fitness-of-school--aged-children,2024-04-27;;
https://www.jove.com/v/3496/femoral-arterial-and-venous-catheterization-for-blood-sampling-drug-administration-and-conscious-blood-pressure-and-heart-rate-measurements,2024-04-27;;
https://www.jove.com/v/53583/establecimiento-de-editados-genoma-humano-pluripotentes-lneas-de?list=JSCEIoHA&language=Spanish,2024-04-27;;
"https://www.jove.com/v/2744/-transcranial-?TRILIBIS_EMULATOR_UA=Mozilla/5.0 
(Windows NT 6.1; WOW64; rv:26.0) Gecko/20100101 Firefox/26.0,Mozilla/5.0 
(Windows NT 6.1; WOW64; rv:26.0) Gecko/20100101 Firefox/26.0,Mozilla/5.0 
(Windows NT 6.1; WOW64; rv:26.0) Gecko/20100101 Firefox/26.0,Mozilla/5.0 
(Windows NT 6.1; WOW64; rv:26.0) Gecko/20100101 Firefox/26.0,Mozilla/5.0 
(Windows NT 6.1; WOW64; rv:26.0) Gecko/20100101 Firefox/26.0&language=Hindi,2024-04-27";;
https://www.jove.com/es/v/58808/hjrtmagnetisk-resonans-fr-utvrdering-av-misstnkt-hjrttromb?language=Swedish,2024-04-27;;
https://www.jove.com/v/59522/-?language=Korean,2024-04-27;;
https://www.jove.com/v/57024/photoconversion-de-clula-nica-no-zebrafish-intacta-vida?language=Portuguese,2024-04-27;;
https://www.jove.com/v/3157?language=Russian,2024-04-27;;
https://www.jove.com/video/3157?language=Russian,2024-04-27;;
https://www.jove.com/v/56847,2024-04-27;;
https://www.jove.com/video/56847/,2024-04-27;;
https://www.jove.com/v/10129/memory-development-demonstrating-how-repeated-questioning-leads-to?list=k29vy4nO&language=Spanish,2024-04-27;;
https://www.jove.com/v/60040/efeito-isotpico-no-processo-de-transferncia-de-prtons-duplo-de?language=Portuguese,2024-04-27;;
https://www.jove.com/v/62432/verwendung-des-fluoreszierenden-farbstoffs-rhodamin-b-zur?language=Portuguese,2024-04-27;;
https://www.jove.com/t/53051/a-microfluidic-platform-for-precision-small--volume-sample-processing-and-its-use-to-size-separate-biological-particles-with-an-acoustic-microdevice,2024-04-27;;
https://www.jove.com/v/3570?language=German,2024-04-27;;
https://www.jove.com/t/56480,2024-04-27;;
https://www.jove.com/es/t/58900,2024-04-27;;
https://www.jove.com/es/v/3151/preparation-of-viral-dna-from-nucleocapsids,2024-04-27;;
https://www.jove.com/es/v/59164,2024-04-27;;
https://www.jove.com/de/authors/publication/,2024-04-27;;
https://www.jove.com/pt/v/54810/optogenetic-random-mutagenesis-using-histone-minisog-in-c-elegans?language=French,2024-04-27;;
https://www.jove.com/pt/v/59086/genome-editing-in-mammalian-cell-lines-using-crispr-cas?language=Danish,2024-04-27;;
https://www.jove.com/v/60429/?list=e3uz4ghm&language=Chinese,2024-04-27;;
https://www.jove.com/science-education/14336,2024-04-27;;
https://www.jove.com/v/1722?language=German,2024-04-27;;
https://www.jove.com/video/1722?language=German,2024-04-27;;
https://www.jove.com/es/t/200454/pancreas-tumor-implantation-in-mice?language=Arabic,2024-04-27;;
https://www.jove.com/t/58707,2024-04-27;;
https://www.jove.com/v/61670,2024-04-27;;
https://www.jove.com/v/61417,2024-04-27;;
https://www.jove.com/video/61417/the-quantification-of-injectability-by-mechanical-testing,2024-04-27;;
https://www.jove.com/v/64516/,2024-04-27;;
https://www.jove.com/v/53225/generering-av-inducerade-pluripotenta-stamceller-frn-humana-perifera?language=Swedish,2024-04-27;;
https://www.jove.com/v/52762/adipose-derived-regenerative-cells-dermal-regenerative-biomaterials,2024-04-27;;
https://www.jove.com/v/5700/distillation-fractionne?language=French,2024-04-27;;
https://www.jove.com/t/64286,2024-04-27;;
https://www.jove.com/fr/v/3564/hele-animal-perfusjons-fiksering-for-gnagere?language=Norwegian,2024-04-27;;
https://www.jove.com/t/55445/?language=Chinese,2024-04-27;;
https://www.jove.com/v/57785/traceren-van-genexpressie-door-detectie-van-galactosidase-activiteit?language=Russian,2024-04-27;;
https://www.jove.com/science-education/11085/plasmodesma?language=Spanish,2024-04-27;;
https://www.jove.com/t/62192,2024-04-27;;
https://www.jove.com/fr/institutions/NA-North-America/US-United-States/GA-Georgia/32427-National-Peanut-Research-Laboratory,-Agricultural-Research-Service,2024-04-27;;
https://www.jove.com/kr/t/63024/intracavernous-pressure-recording-cavernous-nerve-injury-rat-model,2024-04-27;;
https://www.jove.com/t/61952/electroporation-mediated-rna-interference-method-in-odonata,2024-04-27;;
https://www.jove.com/v/65326/,2024-04-27;;
https://www.jove.com/pt/t/57996/enrichissement-phosphopeptide-couple-la-spectromtrie-masse?language=French,2024-04-27;;
https://www.jove.com/v/65875/,2024-04-27;;
https://www.jove.com/v/10354/reducing-agents?language=Spanish,2024-04-27;;
https://www.jove.com/es/v/61647/,2024-04-27;;
https://www.jove.com/v/53158,2024-04-27;;
https://www.jove.com/video/53158/single-molecule-fluorescence-microscopy-on-planar-supported-bilayers,2024-04-27;;
https://www.jove.com/v/1026/the-preparation-of-primary-hematopoietic-cell-cultures-from-murine-bone-marrow-for-electroporation,2024-04-27;;
https://www.jove.com/t/57199?language=Chinese,2024-04-27;;
https://www.jove.com/t/56448/-mdck-siat1-microneutralization-h3n2-?language=Chinese,2024-04-27;;
"https://www.jove.com/t/55059?utm_source=feedburner&utm_medium=feed&utm_campaign=Feed%253A 
jove %2528JoVE%253A Journal of Visualized 
Experiments%2529&?utm_source=feedburner&utm_medium=feed&utm_campaign=Feed%253A 
jove %2528JoVE%253A Journal of Visualized Experiments%2529&,2024-04-27";;
https://www.jove.com/v/57564/utvrdera-dryocosmus-kuriphilus-inducerad-skada-p-castanea-sativa?language=Danish,2024-04-27;;
https://www.jove.com/v/3020/isolamento-di-cellule-cardiache-funzionali-immunitario?id=3020&language=Italian,2024-04-27;;
https://www.jove.com/v/51349/glycopeptide-capture-for-cell-surface-proteomikk?language=Norwegian,2024-04-27;;
https://www.jove.com/t/59367,2024-04-27;;
https://www.jove.com/v/60992/murine-precision-cut-liver-slices-comme-un-modle-ex-vivo-de-biologie?language=French,2024-04-27;;
https://www.jove.com/v/772/mouse-epidermal-neural-crest-stem-cell-epi-ncsc-cultures?section=0&?section=0&&language=Portuguese,2024-04-27;;
https://www.jove.com/ForwardURL.php?id=3171&url=http://%D1%81%D0%B5%D0%BB%D1%8C%D1%81%D0%BA%D0%B0%D1%8F%D0%BC%D0%BE%D0%BB%D0%BE%D0%B4%D1%91%D0%B6%D1%8C.%D1%80%D1%84/WA0Ts62g9rvrs6868chatinfo6ma88,2024-04-27;;
https://www.jove.com/v/1067/fura-2?ID=1067&&?ID=1067&&language=Chinese,2024-04-27;;
https://www.jove.com/v/53940/-?language=Russian,2024-04-27;;
https://www.jove.com/pt/t/50978/marmer-begraven-en-nestlet-verscheuren-als-tests-van-repetitive?language=Dutch,2024-04-27;;
https://www.jove.com/es/b/66303/common-carotid-artery-repair-after-injection-in-a-mouse-model,2024-04-27;;
https://www.jove.com/v/66231/stromal-cell-isolation-from-hematopoietic-organs-text-page?language=Norwegian,2024-04-27;;
https://www.jove.com/es/t/60902,2024-04-27;;
https://www.jove.com/it/t/51406/?language=Chinese,2024-04-27;;
https://www.jove.com/v/65661/determination-procoagulant-activity-extracellular-vesicle-ev-using-ev?language=German,2024-04-27;;
https://www.jove.com/t/56484/-trophoblast-autophagy-?language=Hebrew,2024-04-27;;
https://www.jove.com/v/10082?language=Spanish,2024-04-27;;
https://www.jove.com/v/62970/,2024-04-27;;
https://www.jove.com/cn/t/59389,2024-04-27;;
https://www.jove.com/v/4051/non-invasiv-imaging-af-dissemineret-candidiasis-hos-zebrafisk-larver?language=Danish,2024-04-27;;
https://www.jove.com/t/50318?language=Japanese,2024-04-27;;
https://www.jove.com/t/53949?language=Hindi,2024-04-27;;
https://www.jove.com/v/58585/-ct-?language=Korean,2024-04-27;;
https://www.jove.com/v/61941/?language=Chinese,2024-04-27;;
https://www.jove.com/v/65674/author-spotlight-hypothalamic-neural-mechanism-insights-video-jove?language=Portuguese,2024-04-27;;
https://www.jove.com/de/t/55809/methods-for-extraction-endosymbionts-from-whitefly-bemisia,2024-04-27;;
https://www.jove.com/kr/t/20195/intraperitoneale-injektion-eine-methode-der-lsungsabgabe-die?language=German,2024-04-27;;
https://www.jove.com/v/61648/en-vitro-single-molecule-imaging-assay-for-analyse-av-cap-avhengig?language=Norwegian,2024-04-27;;
https://www.jove.com/v/4206/-?language=Arabic,2024-04-27;;
https://www.jove.com/v/3677/-?list=FnsDDoFM&?list=FnsDDoFM&language=Arabic,2024-04-27;;
